Id,Name,Gender,Birthdate,Age,Address
259702aa-f671-43e3-86e0-e0b55ec4eafc,안은별,male,1985-11-27,37,서울 종로구 67길 75
628b0c37-4993-4205-99a9-e5dbea57be1a,안소민,male,1989-04-09,34,서울 도봉구 37로 54
281878c1-26c9-4810-9d92-1468778ceed4,장다현,male,1986-12-11,36,서울 중구 90길 64
ab4bf379-3da4-4ad1-9063-ef8b0722e4f8,김소진,female,1983-08-14,39,서울 강북구 21로 88
c13ec065-fa9a-46ca-9511-31d7878e3cfd,장소진,male,1981-04-06,42,서울 노원구 28길 88
a5c83bbb-8ed3-4cc9-ae56-2058c1d8c5cc,안연아,male,1990-03-16,33,서울 도봉구 23길 98
195ada14-b6bb-4e9a-98ef-f7f38f91cba4,유연아,male,1992-06-06,31,서울 종로구 86길 75
975b7a6a-4196-46cb-9ff4-749abca85dfb,최윤아,female,2000-08-25,22,서울 성동구 44길 4
5a254df8-8f63-4453-8963-892974e7a19e,안연아,female,2005-10-16,17,서울 영등포구 4로 53
52f83d8b-195a-408a-8163-be10b73f2213,윤지연,male,1987-10-12,35,서울 은평구 74길 45
55bcc4d3-4fcb-4ea2-8f38-112fbd74403b,안윤아,male,1981-06-06,42,서울 영등포구 42로 87
bf77780b-81a4-4f1c-836b-ab72fc3742dc,윤재석,male,2004-02-01,19,서울 강남구 1로 64
973e363f-f319-490b-95b9-cfc38a2b7b16,최주연,male,1996-04-24,27,서울 용산구 36로 15
145576a3-ee44-48e3-9901-457997c9026d,채재석,female,1983-03-18,40,서울 관악구 88로 65
de163b9d-5640-4dae-8530-582dc6b4e830,김유진,female,1997-01-17,26,서울 동대문구 70길 59
786c8c6c-2b14-48c8-af1c-258120b8959e,강은별,male,1986-10-25,36,서울 중랑구 66길 53
bb4077f2-20d5-4516-b1ce-49e5e816dcc0,박다현,female,2001-10-25,21,서울 광진구 53로 40
e586b476-e5d5-4d7c-abb0-b04b6d2e4b54,장연아,female,2007-07-27,15,서울 중구 20길 95
46afb03a-9bc9-4426-a22e-9ac9e72eff57,장유진,male,1983-05-04,40,서울 구로구 25로 34
77d55e74-f553-4032-9924-dba4cdd4650f,김주연,male,1994-01-21,29,서울 영등포구 34로 87
a89c84c7-1ddb-4502-8f75-c3a495d0ce6d,최윤아,female,1999-07-09,24,서울 종로구 7로 27
783b116f-7c4d-48bf-875b-d78c1e1d56a6,최연아,male,2007-11-03,15,서울 서초구 64길 96
eef46222-0185-487b-adc0-2eade36ac48e,김소민,female,1999-07-07,24,서울 중랑구 75길 16
e9c06193-f4fe-4915-952c-3d5e1cdf7326,김지연,male,1988-11-17,34,서울 도봉구 6길 47
425b42b6-e842-4755-8797-3ee1ecec0eee,채재석,male,2005-04-27,18,서울 금천구 92길 73
1fef870d-01c6-4ca0-b929-4aa050871a88,채지영,male,1999-09-06,23,서울 성동구 89로 17
791d46fd-6532-4af8-a56c-45da28594092,이윤아,male,1995-02-05,28,서울 강북구 5길 30
aabf9c47-c785-455b-b116-9151a7059f94,이연아,female,1986-06-22,37,서울 영등포구 90로 89
1d44b345-5a57-4650-99ad-dd5b1a761eca,김은별,female,2000-08-19,22,서울 금천구 20길 56
02e46e18-cacf-4b50-a4e9-98db62c2c4ff,윤지연,female,2007-03-21,16,서울 은평구 82로 27
95a73b2c-9e48-4ae5-8b9f-d1512089015b,강소민,male,2003-12-30,19,서울 송파구 48로 25
9ce818da-abc2-4270-b1bb-e51aeca9f157,이재석,male,1987-02-15,36,서울 서대문구 46길 63
458587b7-7e48-4592-a3fd-96197e33d79d,강다현,male,2004-12-26,18,서울 노원구 5로 73
3e534f5e-2e65-48e5-a47e-4a95d4e16df5,박소민,male,2004-09-26,18,서울 도봉구 93로 46
b4bfd123-ff2d-43d4-b593-0651ba4a4984,이지연,male,1988-09-10,34,서울 서초구 83로 1
305d34bf-4040-4a20-9fe9-8a9db6e17aa6,강연아,female,2005-10-05,17,서울 용산구 39로 3
16182757-8c73-43a6-9dcd-4d08b84c6a28,박소민,male,2005-04-04,18,서울 관악구 67로 27
ed346297-e4a0-4472-ac12-b3bb681ec71a,강연아,female,1985-03-14,38,서울 구로구 56길 80
2c55bbfc-6456-4ce1-ba8f-60af6d29863e,박지연,male,1993-11-02,29,서울 성북구 23로 34
12f30927-26b9-4d19-b2a0-1ee832ba7295,박윤아,male,2008-06-19,15,서울 용산구 89길 9
d2ba7211-88ea-4937-aae1-dd23ed5bd80d,채소진,male,2003-01-28,20,서울 송파구 49길 25
b85c49e6-bbab-4b50-a307-55c253ec259b,채지영,female,2004-01-28,19,서울 서초구 81길 36
c9f1e19c-6e26-4286-b6b2-1e0f10b34a99,윤소민,female,1995-03-22,28,서울 강북구 46로 66
e58d2f32-aa9c-4df4-907f-c08abaa3937f,윤지연,male,2006-11-07,16,서울 강북구 70로 76
bee94539-48a5-4399-a104-22803fa6bfbf,이재석,female,1991-03-05,32,서울 은평구 68로 18
f07f4180-3ef9-4c62-b314-0d918119f096,이다현,female,1984-09-08,38,서울 서대문구 9길 61
3922b62d-2d44-4eab-9791-2f9ff353e553,유은별,female,2008-10-20,14,서울 성동구 64로 80
e21b28d1-20bf-4710-835f-7ddaa91ee6c1,이소민,male,2009-05-03,14,서울 도봉구 17로 37
6afa709a-cb5a-4f99-8627-e42e8c481269,박유진,female,1994-09-30,28,서울 강남구 73길 15
5e280a0c-0712-4357-8f4e-c262b1066d3a,박유진,male,1993-09-22,29,서울 중랑구 31로 19
090377a3-dd73-40cf-a3d9-71deec4c6dd3,김유진,male,1986-09-11,36,서울 서초구 75길 91
b410a7b3-3038-40fc-bd9a-040989a440d5,최윤아,female,2002-10-23,20,서울 강북구 4로 6
27370f95-bc7e-43f5-8042-982cc5df98ec,윤지연,female,1985-04-07,38,서울 송파구 43로 89
5d7812d5-a68a-4db0-8522-ee5078c74255,김은별,female,2002-10-16,20,서울 용산구 98로 54
b16fad43-cd5e-4793-b0bb-c15edad1a4f6,김다현,male,1986-07-21,37,서울 송파구 23로 40
bf1de71c-398b-4c34-a792-c8fc28bf60ff,김유진,female,1990-04-16,33,서울 노원구 4로 14
89edeb03-25af-4700-8d36-da00d26aea2a,장주연,male,1981-04-17,42,서울 강북구 42로 65
4507e82d-5c63-4815-8c25-447aee4308b6,이은별,male,2003-07-02,20,서울 영등포구 78로 12
2bba6992-3bf3-47b7-bed3-238c6bd400aa,강다현,male,1990-04-13,33,서울 서대문구 49길 65
b4f0dbc6-106a-4ebe-ba4f-7aaeee01e974,김주연,female,2009-03-29,14,서울 용산구 38길 16
50a597b1-613a-4fff-9072-5a2ca5a1ff6e,장재석,female,2003-11-07,19,서울 도봉구 95길 59
a19f1e2d-7c73-4995-a893-fe0c883cc94a,장지연,male,1983-01-23,40,서울 성동구 35길 9
0d0ec614-c964-4422-901b-71fbc9e6dd3a,안지연,female,2000-09-26,22,서울 서초구 26길 85
92492326-de54-48bf-a5f1-11ac75a79c4e,채소민,female,1980-04-28,43,서울 은평구 76길 98
b69c7730-a7dd-4803-85ff-f7c43869a3a6,박다현,male,1996-05-03,27,서울 중구 93로 91
354d8b78-9f1d-4476-a291-c9aeb02d81be,최유진,male,1994-09-27,28,서울 중구 23로 94
d6a334c2-71fc-4590-b6e1-21e34d80cd49,최다현,female,1991-02-21,32,서울 중구 74로 4
cbf261cf-b192-4312-8a94-c2ce63cd089f,윤윤아,female,2004-06-01,19,서울 관악구 77길 77
de2593f6-3d5b-466f-843a-7198153e2dfe,김재석,male,1984-01-08,39,서울 성북구 2길 51
d674b05f-3d32-4993-901a-a906fbab4cb3,강소민,male,1999-03-14,24,서울 관악구 57로 87
f19ce7eb-2faa-4763-acf3-d38ba0d396b4,강윤아,female,2005-08-04,17,서울 관악구 70길 41
d0ce23ed-4e7e-45b6-b7cf-c39d279a6745,유은별,female,2007-10-09,15,서울 송파구 70로 33
0ce1d906-d87c-41e1-b0f7-998fd70730ba,안지연,female,1986-01-30,37,서울 서대문구 94길 61
08b71da7-43cf-4201-a55e-54340ffeed81,김유진,female,1992-11-04,30,서울 강남구 71길 52
51c78d03-1b09-4a98-8672-b5c108e1b25c,장은별,female,1987-02-11,36,서울 종로구 63길 58
abc7232f-8972-47c9-8a30-d68d467e4071,유지연,male,2006-03-29,17,서울 강남구 66로 91
50c42063-b98f-42f8-8cf4-c9dd27d1179b,강다현,male,2000-09-20,22,서울 관악구 4길 67
6529475f-e49c-408b-b0da-1a87d98da2f3,채소민,male,2001-05-06,22,서울 동대문구 91로 53
d9650b0a-d2d5-4a55-bcec-c6e7587c3a19,안윤아,female,2003-11-13,19,서울 강남구 74길 48
3814505d-0488-4849-879e-d32b4c2ca4f6,강소민,female,1995-09-19,27,서울 성북구 98로 64
56d2d029-ba94-445c-ac36-38bdf9758dbb,채유진,male,2003-02-01,20,서울 노원구 85길 3
27b8e5b9-2e97-4262-9145-bbef3e9dd170,김재석,male,1992-07-31,30,서울 송파구 6로 67
ae8a93b7-a4b6-4906-b77d-a642d163ef1b,박지연,male,1994-01-16,29,서울 금천구 19로 38
265990fb-4e0b-40e1-b856-c3e0396ad325,채유진,male,2003-12-19,19,서울 강남구 1로 26
6bf7db93-9924-4655-885f-c3ac9e40d3dd,안소민,male,2009-12-27,13,서울 중구 82로 35
54d71197-ff07-4e75-af15-462ef07d2b75,최주연,female,2007-10-31,15,서울 관악구 83길 19
a59b7465-1461-4ff7-a23d-b5bf49adeb83,박소진,female,2004-08-05,18,서울 노원구 49로 16
85ef9ee3-e4fd-44fc-ab4d-904883990326,김지영,female,1989-06-22,34,서울 동대문구 91길 5
c1c6b202-6a0c-4371-a58d-d5e00933f310,채지영,male,2000-05-05,23,서울 성동구 47로 99
fab8354d-6d18-4912-982e-67ddfb2d6f54,김지영,male,1993-05-20,30,서울 중구 16로 96
fc457855-7960-445a-a141-f03f3802d1b5,강지영,male,1983-11-25,39,서울 강북구 91길 47
6786ffe1-d5c3-4407-99d1-8126b2bb2a89,박연아,male,1991-12-19,31,서울 종로구 67길 57
7cad922e-30cb-47db-96cd-ca8ee753a6a3,장소민,female,1987-06-17,36,서울 강서구 23로 35
25b3316e-27a3-42e2-a140-dc73618fe844,박연아,male,1984-10-22,38,서울 서초구 15로 54
ceb8292b-726e-49dd-b645-16408bd3ad6f,김다현,male,1983-06-19,40,서울 서초구 48길 3
26a9a551-ffee-4104-979f-1baabf59501d,채윤아,male,1984-09-27,38,서울 관악구 54로 68
7074ac56-8efd-4150-843c-99e9a7ffd01f,박유진,female,2003-03-02,20,서울 성동구 71길 15
1488a065-f026-4246-87ff-cb53285a620b,유주연,male,2006-01-06,17,서울 송파구 83로 89
1c4df0dc-d360-447a-9f7b-c652d8550ecb,장지영,female,1994-06-30,29,서울 서초구 37로 69
ca69a4c8-2327-4b33-ac7a-564b75e10eea,강다현,female,1995-09-30,27,서울 서대문구 80로 61
8e3aa374-6bf1-4e3d-bef1-b9ab31367ae6,박지영,female,1994-10-31,28,서울 중랑구 80길 80
f886024c-d9c0-4bb8-bc13-e958287d8c37,윤연아,male,1985-03-09,38,서울 서초구 8길 63
5f7abde1-d2ce-45e3-9bb6-d54766dfa3c5,채연아,female,2010-11-04,12,서울 광진구 96로 6
0a8227b2-c94d-4da1-b152-a563ed9810b4,강다현,female,1991-04-02,32,서울 영등포구 52길 55
25810285-fb48-4940-add8-bccc78041747,채지연,male,2000-08-29,22,서울 구로구 90길 99
f5d15d20-b288-42c7-b31b-bff2802d5020,장주연,female,1989-11-12,33,서울 도봉구 74길 40
58863687-60f0-4af6-be50-fac23e99d98b,김다현,male,2000-08-22,22,서울 송파구 96길 88
40352049-8d5b-4bdc-a8fa-44890a115385,장소진,female,2005-05-26,18,서울 노원구 18로 47
d4f7533d-b83e-4de9-ab38-1c64836bab1d,장소진,male,1988-07-25,34,서울 금천구 41길 2
19e68073-2ea5-4207-bbec-11bb36307b92,강소진,female,2006-10-28,16,서울 동대문구 7로 12
2837efde-0b75-4933-a59a-73031e1c83c9,김주연,female,1981-03-06,42,서울 영등포구 83길 99
c1478ce6-1100-44ff-aa4e-13b6270a2514,박재석,male,2010-01-28,13,서울 종로구 61길 81
a0d83365-f791-4f6f-8846-a6638643e587,안지영,female,1999-08-26,23,서울 강북구 9로 77
5bf3475f-ecd5-48f4-b42f-4d6c87784908,박소민,male,2005-07-14,18,서울 서초구 85로 39
27a03510-68be-4b4d-a83b-1fd9ce24184a,박재석,male,1995-02-27,28,서울 성북구 37길 87
aa61fd72-16e3-4383-b6b8-5c8c45326bab,이연아,female,2007-06-30,16,서울 강북구 8로 96
823ed37c-3d92-443a-9e83-2f1336738bfd,안다현,male,2008-10-27,14,서울 광진구 80길 55
dd479feb-d6eb-428a-aff9-df15dec83041,박지영,male,2010-08-15,12,서울 관악구 71로 78
80000a04-b570-40e5-97f0-a7762f90d776,채소진,female,2005-08-23,17,서울 동대문구 85길 1
5a3974d6-8ad8-4573-a4bf-1b8f3ccaaf17,최연아,male,1982-11-07,40,서울 영등포구 21로 71
7b6ffb5f-cee2-49a2-9133-237c8e072a6f,강소진,female,1983-03-24,40,서울 구로구 8로 62
d23e2c01-5634-4ceb-b3e8-2fbddf28e20a,장다현,male,2002-02-13,21,서울 강북구 23길 34
281216ad-04ba-42b8-a34c-feb02d3bb3c9,안다현,male,1985-07-22,38,서울 동대문구 44길 57
003d597b-e14a-4594-b070-b49379935b18,김주연,male,1996-06-19,27,서울 송파구 21로 68
40ceec20-67db-41c7-83dd-ec75655b1da5,김재석,female,2010-09-14,12,서울 관악구 72길 31
067aca56-b382-4223-a59b-d9a5ee2cf8cd,장연아,male,2010-11-27,12,서울 영등포구 94길 16
93b86213-7776-482a-97c8-e4941febd1cc,채윤아,male,1980-11-09,42,서울 종로구 98로 23
12aebbf8-14f8-48b9-bfc4-abcd4b542cab,김다현,female,1981-04-30,42,서울 강북구 54로 17
25cf1c63-6a9c-4941-a8c8-5368eb4d278e,최소민,female,1987-09-29,35,서울 강서구 62로 16
a62f3d8a-f364-42db-97ad-902860ccb71a,강소민,male,1992-06-02,31,서울 종로구 73길 90
c72beb0e-790a-423d-9119-3170bce566ba,유연아,male,1988-12-24,34,서울 관악구 82로 96
591df340-3c39-45c5-83aa-e5a34f27266a,장유진,female,1981-01-06,42,서울 서초구 75길 2
e9d04e83-10e1-434c-947b-dbded54be6f8,안연아,male,1980-06-02,43,서울 서대문구 5로 33
2a482973-41a0-45a4-9033-783eace2743a,박연아,male,1998-04-25,25,서울 강서구 7길 98
2a4e6bd8-c6de-4e27-8805-a7755e237f77,장지연,male,1981-09-12,41,서울 동대문구 43길 94
b7a92354-d639-416d-a74f-ed5b297f5d4b,박유진,male,1983-01-05,40,서울 영등포구 28로 70
bab206b8-e0f4-4247-b177-cd6ba2182fbc,이유진,male,1999-04-05,24,서울 은평구 5로 76
a3ca865b-4cd7-487a-91ba-078e84b060c3,채소민,female,1994-05-08,29,서울 중구 11로 55
b4a58f48-7e45-4bd5-a201-d32d2f1531e6,안윤아,female,1986-09-19,36,서울 성동구 93길 57
c4cccaba-ce5f-4074-82a6-a0b3bb4a4270,박연아,female,2008-10-20,14,서울 은평구 94로 86
9b3b6d1c-022e-457a-b2c1-08e530998827,유유진,male,2008-06-13,15,서울 성북구 75길 5
e9adcc14-3a4b-402e-b6d4-9f87412ebeb7,박유진,male,2010-09-14,12,서울 중랑구 8로 88
0e3ee1b7-2a1c-44d4-809c-831fd827867c,최유진,female,2002-09-06,20,서울 구로구 82길 57
0e3ca18e-d472-4f91-93ae-fda4cf81275d,김소민,male,2004-11-09,18,서울 중랑구 3길 32
635429a9-cc49-4d82-b83b-04dbdcaf940a,채주연,male,1999-11-19,23,서울 서대문구 77길 44
83836a09-bde0-44aa-8096-b065b06dc090,이유진,male,1998-12-14,24,서울 종로구 9로 27
46406d64-0336-4f30-ae07-aa707a48531a,유유진,female,2008-07-10,15,서울 노원구 87로 64
4cf3a71f-f4a1-479f-8b1a-c88bea97cf2f,장소민,male,1994-05-15,29,서울 노원구 87길 40
a3fb355b-4861-4a05-94c0-2862bdd9100c,박지연,male,2004-10-16,18,서울 송파구 23로 93
6ffd42f8-c2bb-4213-91f0-19b1f925bf14,유유진,male,1999-02-25,24,서울 금천구 54로 44
aead4eca-b3da-46a7-bc03-4a343751b44a,안연아,male,2006-12-27,16,서울 관악구 55길 60
8b119c8c-8a9d-4d2e-b789-363bc060bfa3,안지연,male,2008-07-22,15,서울 노원구 20길 75
5f999cd5-fa5b-4ec7-8abb-39116afd565b,윤재석,female,2009-08-27,13,서울 서대문구 92로 31
16d7d6d6-068e-4b94-a00e-3646265e08df,채지영,female,1995-01-21,28,서울 관악구 28길 34
92621acd-7e05-482c-9071-fdc155c4ceca,박지영,male,1998-01-25,25,서울 노원구 9길 84
c9e93530-031c-4f61-b908-298dd2dfb789,안은별,male,1995-10-25,27,서울 관악구 32로 67
07da7dcd-ce60-4fc4-95e2-732f9155a018,강지연,female,1996-08-14,26,서울 강서구 27로 17
c6a3834b-f63a-4251-887a-ea24de09fc86,김윤아,male,2009-07-11,14,서울 영등포구 66길 6
0ca6d57a-fda0-4722-92c8-584eea95f80d,윤재석,male,1980-06-26,43,서울 용산구 38로 98
3be5d67a-502e-4029-9dc6-984972ca36b3,윤주연,male,2005-08-24,17,서울 강남구 46길 17
2d7e54dd-f609-42a0-8393-5a3dd0b773c9,윤윤아,female,1980-10-25,42,서울 구로구 31길 21
3e51bf84-0a66-44b9-9abb-5dea378c1b3c,김은별,female,1994-11-21,28,서울 구로구 75로 95
a266464d-3e0d-4f01-9cb8-dd39fdbe8ffc,최지연,female,1991-02-21,32,서울 영등포구 62길 97
cae82b3f-d46b-4d1a-9c83-0fc1c40aad1d,최지연,male,2009-02-03,14,서울 성북구 36로 77
e2be9b5c-3dd8-4ee4-8ccf-b7a5bf02a10a,채다현,female,1985-06-25,38,서울 영등포구 61로 45
b861a4aa-50d7-4d87-a051-b9e35413df29,이지영,male,2001-05-31,22,서울 성북구 30로 58
58071fba-ab14-4f5c-9efb-9719d4fe41c2,강윤아,female,1988-09-06,34,서울 도봉구 28로 62
a84a489c-8477-4381-a26a-e59277d2f3ba,강윤아,male,2007-07-02,16,서울 강남구 8길 67
f2884a02-4536-4deb-9278-2c359cdf9bd1,유은별,female,2008-08-01,14,서울 노원구 96길 1
4f13f3ed-25ac-4d7d-9f87-7da94845f548,장윤아,female,1994-02-16,29,서울 서초구 36로 35
e31a420a-c672-446c-84c4-b8afecad0df6,윤소진,female,2009-04-23,14,서울 서대문구 78길 45
66d1276d-522d-4120-9a62-730dd78aa13e,윤주연,female,2010-04-16,13,서울 성북구 96로 89
e9731488-3c9d-488e-847d-aee596df1689,김다현,female,1980-11-12,42,서울 영등포구 77길 66
996ba77a-2cd1-4d6b-adbb-8f3bfd01270a,장지영,female,2006-05-22,17,서울 은평구 81로 98
cb1fce9c-24db-4767-a586-46a0a87caca7,박윤아,male,1982-07-15,41,서울 금천구 86길 79
18572c8f-7fa0-4377-a12b-4b3b80e1b6ac,채소민,male,1991-12-03,31,서울 서초구 73길 72
f143b5d4-9e4d-4db0-89e2-544ebfd8b997,박지영,female,1985-11-29,37,서울 영등포구 83로 6
65b36788-4c8f-4f19-936c-98777198d013,안재석,female,1989-06-29,34,서울 송파구 40로 54
d51eef1a-4b6f-47d8-b0cd-112240afcace,박주연,female,1999-05-27,24,서울 중랑구 28로 41
8ebd5855-ac53-4c1f-aa27-983735dc6b77,안지연,male,1980-01-20,43,서울 송파구 7로 49
489a4e1c-7a7b-4d8c-a36c-03d59e2623fe,장연아,female,1991-10-20,31,서울 강북구 73길 91
4a0007e5-3197-4e62-8cdc-4d3cb06a9d58,김은별,female,1989-05-05,34,서울 관악구 95로 98
36fa6e31-9b95-4311-9ff7-80b922cc0762,박지영,male,2001-12-03,21,서울 강북구 17로 30
e8c04cd5-6416-4a88-aa40-2a9880ff15c6,유다현,female,1991-05-10,32,서울 송파구 61길 50
ca55d186-b094-4f33-be72-2665e586d5a6,안소민,female,1980-01-30,43,서울 중랑구 71로 7
328c5e8d-dc95-4080-9e36-ab45da20898d,이은별,female,1999-11-22,23,서울 도봉구 31길 47
72175476-6e4c-4c9a-a7ec-a8a498b1a3e8,안유진,male,2007-08-27,15,서울 서대문구 41길 42
783a591b-b1df-4f7f-91b3-77494f94a646,김지영,female,1984-09-27,38,서울 은평구 89길 71
396d4417-2795-4c6a-852b-186490df9b29,안지영,female,1991-12-26,31,서울 성동구 53길 75
aa4c3a4a-267f-42fa-92b5-41fe09340e02,유은별,female,1980-03-07,43,서울 광진구 49로 29
c6db21ab-8d23-404e-ad33-e5fd0d729327,유소민,female,1996-06-18,27,서울 노원구 62로 70
d75ce0d7-c711-4dae-9b55-1f2314354096,최주연,female,2006-01-31,17,서울 노원구 42길 69
555f348b-3d5e-4bc4-ad68-de0193e11239,강윤아,female,1998-04-28,25,서울 은평구 22길 38
f271f649-c12a-447b-8251-b7616fc10abe,이유진,male,2004-08-04,18,서울 금천구 23로 95
48fbc9d4-5f6d-4397-982e-ecd9bd98cc2c,최소민,male,1983-08-01,39,서울 은평구 64길 2
525a66b5-2ab4-4f54-a23f-ba91778b899c,안소민,female,1991-07-23,32,서울 도봉구 98길 3
66f15a46-6a7a-4841-9897-3a5d3618b37f,윤지영,female,1986-11-22,36,서울 중구 27로 54
6bffe521-3392-441b-b6ff-f1e1e203c272,채재석,female,2006-05-17,17,서울 노원구 32길 8
f9b6aabf-bddd-484a-b690-2beb8e99dd56,최지연,female,2008-03-21,15,서울 용산구 36길 59
d0b7e666-2430-4331-8320-4a861c9e9da5,최주연,male,1993-05-11,30,서울 강서구 17로 48
b30d7815-9cd3-4c64-a7fe-9786d36acc0c,채재석,male,1997-04-27,26,서울 동대문구 1길 85
4485eab5-644f-4915-9c3b-1590fbdddcff,이지연,male,2005-06-29,18,서울 강북구 18길 41
f8ffa7f9-e6ce-4d05-a56d-3ed384fb52aa,장연아,male,1998-06-12,25,서울 강서구 17로 75
634ef351-6c9e-49c9-aff1-9a31c6542aff,김소진,female,1989-02-05,34,서울 관악구 43로 16
b5d440d2-5a91-445e-887d-04d89a81b75b,안유진,male,1996-09-01,26,서울 노원구 3로 25
aa0963c8-1151-4e7f-b6c6-97d4f0a823e6,김윤아,female,1989-04-26,34,서울 종로구 72로 25
d1e7c976-4950-49ef-9486-76eaecdcff93,강유진,female,1996-09-24,26,서울 강북구 63길 4
a155d531-8448-4515-a35c-3c44d0dcd1c9,채지연,male,1991-04-29,32,서울 관악구 75길 57
9bfdc97a-2897-4d89-b4f9-718e9fd9d7ab,이다현,male,2006-10-18,16,서울 구로구 90길 36
e200392f-a823-4799-95a3-6a0caab9ea8d,김유진,female,1984-02-29,39,서울 광진구 9길 35
43d03ac5-edd6-474d-8da0-8067cb334964,최주연,male,1994-01-27,29,서울 성북구 7로 51
29086c84-594a-4eac-8c95-f111d3ecb643,박연아,male,2007-08-12,15,서울 서대문구 40길 67
24462f49-2cc5-4292-a8da-5ef6f8515a46,채재석,male,1990-11-14,32,서울 서대문구 28로 1
307ae0af-79a8-428b-ae79-cb7271c476a4,최지연,male,2000-11-21,22,서울 금천구 5길 92
d3f1fb4f-f27e-4ca1-a4f7-ba092e788d56,최유진,female,1980-10-10,42,서울 영등포구 59로 73
1e71d329-86e5-483f-9e01-bf92d679ff21,유지연,male,1997-10-10,25,서울 동대문구 18길 59
48e1bed1-6248-47b5-8865-5462a9bd8d14,이주연,male,2004-09-07,18,서울 동대문구 44길 5
aafdd789-7e21-4822-aa8d-d9ad1d027a83,안다현,male,2010-03-12,13,서울 강남구 70길 97
c6e3f4ed-1fcc-4b95-85ac-1bf5d783f219,박유진,female,1994-05-31,29,서울 중구 24길 2
d2708013-34f0-44ca-9aeb-2b2b61e3eafb,강다현,female,1982-05-23,41,서울 서대문구 66길 40
1af7dae8-b41b-48f3-a4ab-5b2cf4ebf66a,강윤아,female,1983-06-22,40,서울 강서구 18길 34
48d25118-9459-4572-8f56-15db3aa415be,박윤아,male,1982-04-13,41,서울 성북구 94길 40
5c4d8c7d-5e27-4d42-ad16-b54480e83a91,안소진,male,1988-10-05,34,서울 강북구 21로 94
dd5ebf70-afa4-48c5-94ca-c84bdc392f49,채은별,female,1980-08-16,42,서울 관악구 89길 36
8ba961be-0fee-4c1c-a600-308e4be9c6bd,박소진,female,1996-05-29,27,서울 중구 73로 21
2dfff8c7-d959-4291-9eac-9a8d6120a08d,윤재석,female,2006-07-12,17,서울 구로구 60로 65
3849044c-0e19-40b6-bbe3-eb626746762b,최유진,male,1990-06-18,33,서울 용산구 29로 68
228608e2-00f4-405e-99ca-06ac3dde58a6,강주연,female,1986-04-29,37,서울 금천구 55길 47
15ad631c-281e-44b0-8005-a255110d05c7,박재석,female,2002-01-30,21,서울 영등포구 87로 39
ea6f3d6a-ca82-4ad5-b08f-60de5971376f,최지연,female,1998-02-06,25,서울 영등포구 1로 20
f79479d4-adb7-402e-895f-006b36fac60d,김소민,female,2002-10-02,20,서울 성북구 23길 74
93badaab-cd38-4cbd-bb44-ead75822c5f0,최윤아,female,1991-04-24,32,서울 성북구 94길 28
8bfef33b-b312-4956-a257-fa99e1a8fb90,유지연,female,1988-04-30,35,서울 용산구 34길 79
d702d777-3887-455d-8cf7-886377a8fe32,안유진,female,2004-09-19,18,서울 중구 23로 65
81b81f52-6ef4-4299-86ef-045bf4b0d9a0,유연아,male,1998-05-13,25,서울 도봉구 42로 8
31c849b7-3c49-47d2-a200-5e877220b24a,이연아,female,1981-11-08,41,서울 종로구 47길 27
34645d67-d3ad-431e-991d-3cac46d13572,채은별,male,2006-02-26,17,서울 종로구 28로 80
f738f802-5932-4b01-96f0-7af4210199f2,장소진,male,1988-11-01,34,서울 노원구 40길 71
e8db2b86-9d74-417a-9a9e-435ca81d5da9,윤주연,female,1987-02-24,36,서울 강서구 40로 98
d210f541-ace8-429f-b08a-685fae2126bc,최지연,female,1988-08-28,34,서울 종로구 46길 55
f3fe54c6-d37b-4f42-a03d-635de30e41ea,박소민,male,1995-10-11,27,서울 용산구 63길 13
78cd9f4e-bc74-49bf-8e83-23648e99839d,박지영,male,2009-04-13,14,서울 영등포구 35로 85
6b80fed7-39c3-435e-950f-ff4d672f9e54,김유진,female,1994-06-16,29,서울 서대문구 15길 24
9f535606-675a-4991-9db7-e8dc573d2194,채연아,male,1993-06-22,30,서울 중랑구 24길 76
37d181c5-7def-4a69-9e7e-1840ef25870c,안지영,male,1980-09-05,42,서울 송파구 16로 18
c8330b01-d3bf-4a0d-9edd-f7bec30f1fd0,유다현,male,1992-12-29,30,서울 강서구 88길 72
2977ba94-8359-4abe-bddb-c269ce778f6f,윤소진,male,1993-07-26,29,서울 영등포구 69길 69
71da5401-a1dd-420b-acf4-05032594ca03,채주연,male,1994-08-29,28,서울 도봉구 19길 41
f74e53d4-9987-4169-a457-6d4e66c35e50,이연아,female,1990-08-12,32,서울 동대문구 28로 48
930fc95c-73df-4cd6-8f48-01792e8aa7ad,채연아,male,1981-03-31,42,서울 도봉구 51로 9
097a4596-0b23-4e3f-a5cd-877786264180,장지영,male,1981-01-04,42,서울 중구 10로 89
45467a36-30d0-4eba-912a-0ef43694ecf7,박연아,female,1993-05-12,30,서울 중랑구 23길 72
f7673d7c-b4bb-430d-af89-9169b3397a3e,채은별,male,2002-10-09,20,서울 강북구 79길 81
af59ddd9-475c-4255-b532-ecef3241c48e,채유진,male,2006-01-16,17,서울 노원구 65로 63
4bf0c76b-b1ca-4d9f-b461-b6cee3d13f87,안지연,male,1987-10-30,35,서울 송파구 10길 8
cd73e1a9-13f1-4e7c-9d6b-e635277143a9,윤재석,male,1984-11-09,38,서울 은평구 87로 60
5d215fdc-6634-4122-92e4-e8658bc5b51f,윤연아,female,1988-03-06,35,서울 종로구 62길 31
f88ca981-9c43-42fc-a39d-a02fee3a83cc,유소민,female,2009-03-19,14,서울 강남구 78로 99
f7891951-fe96-49db-8552-4da20cf036df,안은별,female,2007-07-06,16,서울 송파구 9길 2
d7b1b665-dc33-46ac-8021-80a46bc19591,강다현,female,1996-08-16,26,서울 송파구 62길 15
acc48abf-8c83-4189-b797-c8d28ff9f79c,박주연,male,1992-07-22,31,서울 종로구 55로 31
abdc02f8-558c-4d51-8a32-0d779fd34f21,박다현,male,1990-12-31,32,서울 금천구 12길 85
93bbf9e5-29c3-4cbb-b9a6-ba95833062f4,장유진,male,2000-01-23,23,서울 은평구 12로 61
73d8439d-eb90-4626-9b5d-4e5b05f95f70,안은별,male,2005-03-29,18,서울 성북구 59길 9
b0005de9-ac55-4de5-ab84-1d96d20d91da,강윤아,female,1999-06-17,24,서울 중랑구 25로 91
162f38ed-70c6-4d48-8a62-f8ec8fdd8102,윤유진,male,1988-08-18,34,서울 강남구 34길 93
2ee7c636-6069-42b5-b186-ae3bad7cace7,채소민,female,2008-05-14,15,서울 영등포구 50길 82
7cdd4dea-46ee-4615-9e73-e156f1cb09c3,유지영,male,1982-04-06,41,서울 종로구 9로 23
2d0e3e60-88aa-4ab5-81bf-5e14e478ed9c,강지연,female,1994-04-01,29,서울 중구 95로 33
923f1206-be53-4ee6-951e-2d5f9c639352,이소진,male,1989-03-22,34,서울 서초구 86길 90
8c338045-4e23-45ed-aca8-bfe892320749,장지연,male,1989-08-20,33,서울 성북구 68로 25
3a1ae9f4-01ff-460e-becf-c07c5391dffe,윤유진,female,1981-02-07,42,서울 광진구 99로 66
8fd10e8f-ea00-4356-a9c0-46894646a29d,유주연,male,1987-03-14,36,서울 영등포구 58로 74
504b7714-9721-46ec-9a0c-8e3ebf0f7941,김재석,female,1988-02-06,35,서울 성동구 54길 51
ad53d834-3436-4a7c-8836-6d091f3c437d,채주연,female,1983-03-19,40,서울 용산구 59길 1
93891d0e-71e0-4da4-9ac1-5f19b4ae1c00,유은별,male,1984-11-15,38,서울 광진구 6길 68
4ddee2af-4ae8-4a21-87a2-6bfe44b5a365,강연아,male,1983-07-30,39,서울 종로구 60로 51
a2c855c0-39f9-47a0-87a7-d73a783e6632,채윤아,female,1988-10-03,34,서울 성북구 87길 20
221d7c7b-3cd2-42e6-82ae-d00d0ea8cd27,이윤아,male,2002-10-09,20,서울 성동구 37로 6
6a097928-2902-43a8-8982-ecaa2b2d2bcb,장소민,male,1985-04-30,38,서울 송파구 68로 7
a55a7af3-c379-40e3-aef1-d8fe9e549309,윤소진,female,1990-06-07,33,서울 강북구 3길 87
dfb4f6f3-e5ca-4b47-9135-b138e764a43b,이소민,female,1980-01-18,43,서울 성북구 23길 95
280207b3-6c1f-41c5-950a-c23a21cea671,안주연,male,1999-09-17,23,서울 강북구 37길 26
c3817a8f-41ed-46ed-97b5-bfaaa758cbd5,이소진,female,2001-11-06,21,서울 노원구 76로 96
2d8c62db-a942-4500-8b62-24f756a7b49d,윤윤아,male,1994-01-01,29,서울 서대문구 47로 73
4643363e-5c97-4a54-bbb7-8d988cda7855,장은별,female,2004-07-24,18,서울 중랑구 68로 14
cc9a183f-cd4d-4cfc-b449-f245157e47a7,유주연,male,1981-08-19,41,서울 강서구 76로 31
b7e8e909-8624-4855-878c-2c2537f16306,김유진,male,1995-07-06,28,서울 노원구 13길 71
757ed3f0-b838-422f-8bb8-3a021825d093,강주연,female,2004-07-31,18,서울 은평구 18로 34
cf6b0da5-75a3-4141-b7a7-70fabefd8b2a,김윤아,female,2007-06-09,16,서울 금천구 66로 73
b9c7ae38-2fd1-4e32-af1a-2f2ff0361df9,이유진,female,1998-09-26,24,서울 관악구 26길 21
d866e39c-09aa-46e3-b228-a2839563374b,채지연,female,1996-03-18,27,서울 영등포구 60길 80
fa0d3b1e-c3b6-43e8-9b90-6955b43e7ff4,장다현,male,1999-06-27,24,서울 구로구 92로 91
da458625-8ec1-4e3a-af72-d789c5408a30,김재석,male,2000-02-03,23,서울 중구 27길 60
6df67871-6095-4a48-a863-6e5f1671dcd1,채재석,female,2006-06-07,17,서울 서대문구 22길 80
7868cc8b-f2bc-432a-869e-6de17051402c,박다현,female,1997-10-19,25,서울 영등포구 89길 32
e5676844-c05d-4a83-9732-b05adb11c52a,채지영,female,2008-06-13,15,서울 강서구 85로 2
a4881636-b7f1-40d3-95c5-bd8dba3dcbc6,유연아,male,2000-08-23,22,서울 구로구 70길 79
70be2ed7-0bf4-4165-aa30-a385c463edc0,윤지영,female,1998-06-22,25,서울 광진구 85로 82
f92a610b-4342-47ab-99c8-ce80e7b92019,이윤아,female,1993-09-21,29,서울 서초구 33로 5
28ec8942-f1ed-47f5-9029-d8e02c1c5d61,최연아,female,2008-01-05,15,서울 종로구 41길 76
be6cbce4-7685-49f8-9b09-52841aa78d17,박재석,male,1980-02-19,43,서울 종로구 30로 13
1cc1b965-9137-4302-ad47-d789c73d87cd,채지연,female,1988-10-17,34,서울 동대문구 28길 81
6d4c1085-31ce-4a06-8137-1fba38bf9c15,장재석,male,1982-08-14,40,서울 서대문구 52길 30
900476d5-f2e6-4b6f-8899-1e681fc1d19d,강소민,male,1982-09-25,40,서울 은평구 10길 94
80bc741f-7d78-4c07-9860-07cdfac2c710,장소진,male,2000-04-26,23,서울 중랑구 56길 51
263e8d3d-5d93-41e9-b4b5-94395564a5cf,최주연,female,2005-05-29,18,서울 서대문구 58길 15
b40ccca6-73e8-4ff3-bd70-4b7cf404f3c0,안소진,female,1989-08-09,33,서울 영등포구 48로 53
49e872aa-d69c-4f2e-868a-1bd7b2ca2d04,박재석,female,1984-12-30,38,서울 관악구 77길 7
f6439b50-3699-4534-9c49-bd88e384dc85,안주연,female,1981-08-09,41,서울 중구 73로 99
ab9c7515-ca9b-4a3d-a296-a0f367c714de,채다현,female,1989-08-13,33,서울 서초구 56로 45
e21852ef-ab47-4a68-b8dc-5e6188bf2922,유소민,male,1995-01-06,28,서울 광진구 82길 78
eca27d83-b17c-4869-b72f-19eef50d4bed,유재석,female,1982-12-23,40,서울 광진구 95로 89
879ee071-c1d2-47dc-a257-1a9f1485025c,강연아,male,1986-09-20,36,서울 용산구 36길 95
c4be0ee3-5ef6-4563-84e8-03f3e424147d,박연아,male,1980-10-10,42,서울 관악구 41길 91
43ef70ac-0044-4363-ae96-de5edbe1b194,이소진,female,2010-11-29,12,서울 은평구 49길 60
1e65b1e0-9e59-41f9-a146-daad7be0d213,채윤아,female,2003-02-04,20,서울 광진구 75로 75
1c2531e2-2fcf-4615-9622-3ab407753ca2,채다현,female,1982-02-27,41,서울 동대문구 90길 23
c9db8130-21dc-4414-9d87-3ca476385f54,김주연,male,1982-07-06,41,서울 은평구 43길 54
f94060b9-e195-4f9f-bc02-3c67c09756fb,이유진,male,1994-10-14,28,서울 관악구 86로 93
4f348c22-b8da-4235-91a5-bb9ecded2d17,김주연,female,2001-05-31,22,서울 종로구 33로 63
1e477de4-e6df-411c-ac8a-4aa151698976,최지연,female,2010-08-08,12,서울 은평구 91길 16
79c74aad-d473-4acf-9923-49daea3f84fd,채소민,female,1980-11-23,42,서울 강북구 34길 1
57540835-e341-40ea-96d8-f0cd7920d645,최지영,female,2010-12-12,12,서울 은평구 63로 38
869869a2-ad5d-4f0b-9ffd-8c456126f5e1,이소진,female,1997-01-22,26,서울 영등포구 45로 62
26dac501-4891-442d-8cca-9963553d6b06,김유진,female,1990-01-21,33,서울 용산구 99로 32
582d4bf3-2ed2-48ac-89ee-37e67242ca00,김소민,male,2006-06-13,17,서울 서초구 17길 62
f973cf7b-591f-4ac2-9ed4-2b44549990f8,강소민,female,2000-09-13,22,서울 동대문구 9길 37
7ab63754-acb2-4002-9d23-69d9544d9b88,장유진,male,2003-01-15,20,서울 중구 33로 48
4912367c-c212-43c7-939b-eadd0bbd3ac6,윤연아,female,1998-10-22,24,서울 성동구 96로 80
04e6261b-462b-4905-8185-45129c12abbc,이소진,female,2001-10-10,21,서울 성북구 97길 20
fc539b1b-a344-45c9-b576-8bf44ab9d41e,강소민,male,1996-10-11,26,서울 영등포구 67로 77
6a7274f4-9846-4c09-9df8-4f9eddd5d2ec,이지영,female,1980-06-24,43,서울 은평구 55로 5
1ecfb91f-6951-4042-bf3f-fcbe4431e9d3,박유진,female,1997-01-22,26,서울 영등포구 77로 31
93e74bc0-940d-483c-a30b-647a1e775f04,강윤아,female,1998-10-15,24,서울 관악구 59길 11
6761940c-c5e7-444f-8d74-c097e6e64e4e,윤지영,male,1993-10-24,29,서울 광진구 55로 97
14c3704a-2a64-4bad-a44f-943a12205130,채지연,male,2010-11-29,12,서울 노원구 84로 42
b1f56977-4f35-46f2-bcd9-47ac2d584fa3,윤지영,male,1986-03-13,37,서울 중구 23로 8
5e8059b3-e510-4f2c-b1c3-2f6b23181cfa,채소진,male,1989-09-19,33,서울 서초구 86로 53
7c4264b9-3f9f-4e32-be24-846319905467,강소민,female,1988-12-24,34,서울 중랑구 12길 89
c0e7d21d-a7cd-4943-9fe0-0fcbf5e41719,강소민,female,1980-02-28,43,서울 서초구 55길 79
c74bc0e8-d712-4aa5-9ed3-3f5e3e4bb1d9,장재석,female,1999-04-30,24,서울 서대문구 59길 5
9c41e9d3-d610-4f5d-9c3d-77afcf9406ed,안지연,female,1997-02-21,26,서울 서초구 7길 30
ea32bd72-bbe5-4e5c-b895-085824d05b1c,채다현,female,1987-08-28,35,서울 중랑구 43로 18
0efb9e4d-5f22-413f-8adc-bd20199265c0,안유진,female,1990-09-08,32,서울 동대문구 59길 19
af588360-9389-4764-ac33-83b3cb06d5e9,강소민,male,1996-11-01,26,서울 강서구 37길 71
cbcb1e3e-4c24-4f8f-a646-08791624c837,최연아,male,1990-11-19,32,서울 노원구 92길 65
82dc671a-4620-4d2c-be60-ba4c09f1ecc4,채다현,male,2005-10-12,17,서울 금천구 58로 25
f189484b-f2bb-454d-8d53-70f9339b89e2,강주연,female,1980-09-26,42,서울 중랑구 61길 33
5960a5b2-c879-49cf-abaa-271a5ba86962,박소진,female,1998-05-14,25,서울 강남구 31길 74
eed53db6-1b58-4201-9b6a-51e95b01b932,유지연,male,1994-07-26,28,서울 서초구 29로 64
0d22bf4d-014f-4ac2-99a1-7fefa20d4bd7,윤다현,female,2003-07-31,19,서울 관악구 68길 3
7b6f8abb-e9ae-4bdd-b261-9739f74e5c1d,강주연,female,1983-05-02,40,서울 종로구 50길 30
0928c78c-b292-4c96-b7ba-32f9232ef25a,안지연,female,1981-12-11,41,서울 송파구 80로 87
0144631a-2705-4f16-9365-639129db7155,강은별,male,2009-12-20,13,서울 성북구 46길 40
f3f46231-fc72-4d5b-83e2-8d9dc9c50b00,김지영,male,1999-05-23,24,서울 중랑구 65길 96
033ee9f4-8c38-4a49-a7e4-0a814f77997d,윤지영,male,2001-01-04,22,서울 성동구 75길 19
8f59f3ca-8c8e-45eb-bbec-43563d2524f9,김재석,female,1995-08-20,27,서울 광진구 47길 53
ab2dfa2d-28ae-4e55-bc5e-7344b177e5e1,안윤아,female,1996-08-02,26,서울 용산구 80길 52
3b497325-aa6f-4c5b-b90e-d94a54eb89e9,안재석,male,1995-07-24,27,서울 용산구 26길 83
bddbc6d0-0da9-4145-a397-395a3c153987,김재석,female,1995-06-17,28,서울 관악구 66로 54
3792d9c0-f675-4744-b19e-692519ff87af,안은별,male,2010-10-11,12,서울 영등포구 58로 90
28b26a1d-3106-4505-a407-96f3afa487d9,안유진,female,2008-05-27,15,서울 동대문구 73로 87
a6e0977d-251d-4659-b710-3713f5b543f2,안소민,female,1982-09-28,40,서울 서초구 89길 45
f31165d2-77f3-44b0-a5b7-82c4d68fc34b,채지연,female,1996-12-05,26,서울 중랑구 41로 35
227b7b73-dbc8-45ac-9a49-6cd2592c8d8d,안은별,female,1985-11-07,37,서울 중랑구 37길 9
1b4220ce-7483-4279-8a3b-3c4589dac491,장재석,female,1988-05-30,35,서울 동대문구 23길 19
befaea55-26f2-41ae-b6e5-220776a94bf6,안다현,male,1991-03-23,32,서울 금천구 30로 5
65a325b2-0d37-4d2f-9373-7baae7085ed4,최윤아,male,1998-10-23,24,서울 성북구 59로 92
4577f65a-b7e9-4d6a-8830-b37ef43c18dd,강소민,male,2000-05-24,23,서울 노원구 50로 98
8ad17d2b-c467-4d96-bc47-11e7f6c4ba52,박소민,female,1999-01-03,24,서울 중구 3길 40
d3e695db-af3c-499c-a5c2-7e7a61da1c56,이유진,female,1990-01-24,33,서울 성동구 64로 50
dc97e5ae-9acb-409f-82bf-2eca4d17210a,안소진,female,2002-12-22,20,서울 송파구 73로 97
1d01aee4-4824-4f41-bb3f-f942c381aa48,강은별,male,2010-08-21,12,서울 종로구 36길 43
8dee2957-0c31-4758-94f6-e8956dba3274,장지영,male,1983-05-22,40,서울 관악구 9로 79
abb88e24-a9c4-4b7a-85a9-51462943c71a,강지영,male,1996-07-22,27,서울 송파구 30길 11
c2c6f35c-0aca-4c40-a256-4df46c8437e5,이유진,male,1997-04-27,26,서울 송파구 75로 85
5eae273b-52c4-403a-8fe2-785814da52b3,강주연,female,2006-07-31,16,서울 강북구 54길 20
f48232cd-4be6-4e4a-a05b-eb25cd16e765,이주연,female,1989-03-15,34,서울 중구 37길 46
f73074cb-4990-4c37-ab28-5ddaf415699f,이연아,female,2000-07-16,23,서울 송파구 34로 5
c172dcc4-f738-444e-832a-36b4d0ab245e,김다현,male,1981-06-26,42,서울 영등포구 46로 81
6a8376e3-f9d1-4172-a935-dac3ce74ab22,박주연,male,1990-08-27,32,서울 서초구 72길 78
62fcf502-ad09-4cc2-b5ef-79f652b74310,장연아,male,1985-12-27,37,서울 은평구 72길 1
b1c9713d-81dc-4dc6-9e12-5b271756a42e,김주연,male,2001-10-29,21,서울 은평구 56로 93
9ebd950b-c337-4c86-870c-7eda07418d2c,이소진,female,1984-07-10,39,서울 강북구 84로 30
d74efd36-0278-471a-a593-75d7e90a30c5,김지연,male,1992-07-08,31,서울 중랑구 72로 15
b666deb5-8298-44eb-8911-858d7b491c07,안주연,female,1983-12-22,39,서울 도봉구 61길 20
dcef55c9-58d6-428c-bb76-2b3fcf2fc365,장다현,male,1987-05-02,36,서울 중랑구 19길 99
a154c58a-cc60-4428-8e22-c24fd9401504,장지연,male,2007-10-24,15,서울 도봉구 99로 11
781e94f0-1cdd-4b81-a93d-d814632fd64a,장은별,male,1988-08-11,34,서울 중랑구 25길 20
ac83cf0c-0323-476e-8cca-e63f7e99f856,김윤아,male,2009-05-31,14,서울 중랑구 71길 88
117db726-791f-4576-a912-c68e8466cafa,이은별,male,1983-03-24,40,서울 서대문구 72길 83
fa5839c8-e53d-4b0f-a17f-ba21932d513a,장다현,male,1994-03-06,29,서울 영등포구 61로 7
663570d5-7a82-4ba8-bf88-d30c2afabb34,윤주연,female,2005-03-23,18,서울 구로구 70로 93
2c8d731a-44cb-48b9-ab94-2acf5d305b53,강연아,male,1990-08-27,32,서울 노원구 78길 65
ca1c5b7d-8ea7-440d-8455-1e2a33c52a3e,채지영,female,1985-02-19,38,서울 은평구 87로 84
06d86685-fcf2-4221-95cf-684daa8f727b,강소민,male,1981-10-23,41,서울 노원구 95길 62
7d195292-cc0b-4363-bde7-034e43179595,강유진,female,1986-12-17,36,서울 노원구 90길 9
24d5db84-55d0-4113-99ac-aa238159a790,최주연,female,1983-03-02,40,서울 송파구 53로 38
8d20ef5c-b437-4ab4-8915-f259ad7e3922,장소진,female,1985-03-17,38,서울 영등포구 6로 30
8e60ace8-4ae0-43b2-98f0-c8871caa6bc4,이다현,female,1985-09-30,37,서울 서초구 65길 93
728fd864-7e1c-4214-b397-07d35b5b9536,안윤아,female,2005-04-20,18,서울 노원구 54로 75
8e27cfac-31e0-4951-aef8-1bd1447b2584,안지연,female,1993-06-20,30,서울 은평구 92길 38
f59af729-8e07-420a-98fb-7768b00d98ab,장지연,female,1985-10-09,37,서울 강북구 79로 37
b2f16fcc-36a1-4a11-9dea-21c3ff7f9eee,강윤아,male,1985-04-10,38,서울 용산구 8로 46
34404989-2bc4-4720-a88d-1da58e90d08f,박연아,male,2002-07-01,21,서울 송파구 73길 25
c680af73-51c4-410d-9d11-7c3fa3ba786c,안재석,male,1998-12-19,24,서울 중구 18로 18
71f322e3-4c23-4b32-ade5-209adb0a1dec,강유진,male,1983-12-29,39,서울 성북구 98길 39
88106e05-a12f-467d-8977-4dbf726e8b23,유주연,female,2007-05-09,16,서울 서초구 99로 40
8e8f4ae7-2398-452d-9fb3-0887977e9476,이소민,male,2002-06-06,21,서울 금천구 86로 87
63021951-52b1-4683-9e7d-f9005ce3f480,유지영,male,1990-06-28,33,서울 영등포구 47길 14
94c78682-885b-4244-bde7-2b5a8fbcb614,채연아,female,1994-05-03,29,서울 성동구 46길 47
e8a4e645-5915-41d1-afad-4bba0f3116df,장지연,female,2004-02-09,19,서울 중구 9길 32
01943e49-d8b2-4cd5-9556-008d8aff440c,강유진,female,1996-10-06,26,서울 강서구 37로 53
fbed1cde-f94b-4f3f-9089-4b0babd59577,김주연,female,1995-06-20,28,서울 강서구 4길 5
52edfb4a-74ff-419b-b296-a5fab9a356b3,윤윤아,female,1999-04-22,24,서울 성동구 91길 17
b99b43bc-cd03-4c67-b317-fd5829e373e3,박연아,male,1996-04-30,27,서울 중구 9로 12
d2369513-efcb-4af1-ad10-993a2c4e9260,장은별,female,1984-12-24,38,서울 송파구 31길 96
f650ba4d-7970-4031-a3e4-e8c61bb2a81c,강유진,female,1990-01-23,33,서울 광진구 68로 61
88784c00-6dd8-4ff5-8a88-1b8a1fbf51fd,최재석,female,1999-09-28,23,서울 구로구 85길 39
6b855403-5811-4970-9c96-7e2f4570fe7d,안소민,male,1991-08-18,31,서울 성동구 75길 6
31e6c33a-67f2-49f0-9e55-87c21bc20cac,안소진,male,2004-04-08,19,서울 중구 30길 84
ee46914f-c0d6-4159-979c-f7a7b8ac02a1,유연아,female,2001-09-21,21,서울 서대문구 40로 48
e1f9f67a-aaca-4e89-84a2-12e2e9260536,윤지영,female,2010-03-04,13,서울 노원구 45길 91
c1fdf00e-6f4b-4b60-ac60-3e108dbc1a7a,이윤아,female,1988-03-19,35,서울 강북구 49로 46
d26c193b-f4b4-4a51-8071-4e1d7102a696,김다현,female,1983-01-22,40,서울 금천구 56로 44
d7a816c4-7675-46f5-8677-b192f1fae026,윤소민,male,1987-10-01,35,서울 종로구 35로 5
de68ac4a-3cde-4b0a-801b-bd1e195b0ff5,박연아,female,2004-10-07,18,서울 강서구 79길 57
a2dd132d-b1a9-4081-95e7-5a88419d80c0,최유진,female,2000-03-07,23,서울 동대문구 40로 8
52c6e5d2-8209-41d1-b872-8fd000b1b457,박소민,male,1997-02-16,26,서울 금천구 89로 29
55cf93a8-b53f-4df7-ac0c-41ac866fe4ef,김주연,female,1981-03-13,42,서울 성동구 89길 3
7aef754f-5cd9-497b-a397-70a315a983af,유연아,female,2005-01-29,18,서울 도봉구 80로 13
34a219f9-b9ed-4d33-b6c5-22641906ea19,채주연,male,1987-11-15,35,서울 중구 68로 19
f83d7191-2bf3-4fd7-998d-19c1f16693fa,채연아,female,2009-03-24,14,서울 노원구 71길 9
8bc7b2b1-c5c8-47d7-9cf9-b665c1cb48f0,장주연,male,2005-06-17,18,서울 은평구 33길 8
95314de0-ec4f-49d5-ad0e-50912aaa35f4,박재석,male,2002-11-03,20,서울 노원구 12길 50
103056d5-8d18-4c11-9d46-a00c967a9fcf,박은별,female,1986-10-28,36,서울 용산구 92길 23
23cce40f-7a94-44b3-b0c3-8a1b3158e9f9,최다현,female,1995-08-02,27,서울 강서구 46길 40
adb1e942-44d3-4e0d-b4cd-fdc1e082ebe9,김소진,female,1994-12-31,28,서울 중구 25로 72
82c7ca2e-7780-4454-82d2-0f7d61446d1c,이윤아,female,1982-09-11,40,서울 구로구 49로 70
39d5c38a-8735-4087-9724-c64b3c6c2a48,유소진,male,1990-11-15,32,서울 성동구 82길 42
3974691f-cb52-4af5-b529-24e23e19fd13,채유진,male,2005-01-18,18,서울 광진구 25로 3
3223d4d7-43a4-41b5-a001-e202a6228b69,김소민,male,1984-01-17,39,서울 강북구 18로 57
db8d94fe-520f-49cc-9725-7fa960e2766b,윤재석,female,1988-03-31,35,서울 성동구 32로 53
f4286571-4c3d-4544-b3ad-17485c4475dc,이소진,male,1983-06-06,40,서울 강남구 99길 28
ea89d28d-c840-404a-b4cd-5f43eb1b80e7,김다현,male,1992-09-19,30,서울 종로구 53로 71
296aa65f-a56f-4199-811d-5f507ad46e4e,윤윤아,female,1992-11-04,30,서울 성북구 9길 66
4b33812e-21f0-4a6d-b18d-4007a974b67b,강은별,male,1983-09-13,39,서울 종로구 43로 68
ad4ee1f8-c1e8-45ed-8d02-98a2262c8ad1,채소민,female,2005-04-30,18,서울 광진구 8길 12
3e05abb1-0ec0-431d-82c8-bd4f27a9d53e,박연아,female,1993-04-18,30,서울 동대문구 60로 72
9fd0f45a-72e4-42b9-ba9b-3aac3beb3bd5,김연아,female,2009-06-02,14,서울 도봉구 46길 65
805ea409-2f23-4fa8-8f56-fd4fdcaed226,최은별,female,2009-10-26,13,서울 노원구 20로 34
91288dae-dd22-45dd-8db4-805df4fbd7cb,강재석,female,1988-04-26,35,서울 서대문구 71길 68
cfe7f03b-a669-41e4-a2f0-81c81b7b43fc,김소진,female,1980-02-23,43,서울 관악구 98길 40
c271474a-fe15-4571-98b1-a8308466de24,강윤아,female,1983-11-21,39,서울 송파구 1길 27
6f140fc5-546f-4a6c-b6c2-b84501e53173,박유진,female,1987-01-14,36,서울 강서구 20로 90
7d71c3c7-ca78-4ab4-9bce-b8ab4fd6dbe4,김은별,female,1988-03-31,35,서울 도봉구 56로 17
fc24946c-0096-4f70-a162-4e7a362142c4,최재석,male,1980-04-26,43,서울 강남구 89길 63
4fca5fab-a1b0-4b70-b123-00c2bbd80ace,최소진,male,2008-01-30,15,서울 성북구 57길 51
13c47d9e-f070-4f96-b11c-0f585d5f7dfe,최유진,male,2010-04-21,13,서울 동대문구 37길 7
11fe9ea5-628f-4cd5-81cb-eaf9eec63041,김소진,male,2006-03-14,17,서울 강서구 34로 5
ae228cc7-6b8c-401f-9275-cf2fd090bebe,안다현,male,1994-07-23,29,서울 중구 75길 34
446e9551-699a-4d0f-8b24-582f68bfa48f,장소민,male,1992-08-08,30,서울 구로구 9로 13
d5b22200-2d9d-4e21-84bc-027e422ddb17,유연아,male,1991-04-14,32,서울 도봉구 17길 24
202142c0-209c-42ca-8924-bf609427fd09,윤주연,female,1981-10-23,41,서울 강서구 42로 61
e41a9923-beb0-473d-aded-02344b47c171,김윤아,female,1997-03-06,26,서울 관악구 66길 32
0f3a333b-83f0-43c9-a02c-b1bce9d5a504,윤연아,male,1998-05-01,25,서울 강남구 96로 24
e6bac1a0-6a49-419d-a46d-50c4a02cd693,채지연,female,2001-04-17,22,서울 성북구 67길 87
4a83bf9b-3360-4377-b035-9b34ddc80bff,박소민,female,2005-11-26,17,서울 중랑구 74로 4
cd98c6d5-d1b2-4fd9-b41c-3731d396d59a,유다현,male,1981-01-19,42,서울 강서구 27로 11
ded0173f-749a-45d1-9ba2-72f6b4d783f9,최유진,female,2006-10-05,16,서울 영등포구 66길 11
bbd4175d-53ac-451d-b3f7-8549638ca79b,이소민,female,2008-04-26,15,서울 구로구 10길 45
324dc4b9-10a0-4588-a301-ab91dd33cdbc,윤연아,female,2001-08-31,21,서울 서초구 46로 91
67eb2d11-a248-493c-a171-a94e32e444cd,장유진,female,1991-05-04,32,서울 서대문구 99길 66
08d26b2a-8565-479d-ba21-6f909956d223,박윤아,female,2007-02-05,16,서울 종로구 27길 95
a55a3212-a466-4bb4-a70f-8dd4b46b3844,이은별,male,1987-02-07,36,서울 서대문구 84로 38
8ce4cbbc-d646-4b00-a51d-434e880505b7,강소민,male,1983-12-03,39,서울 노원구 57길 25
c20208d7-bf9a-4579-b06e-130e47245eef,채지연,male,1995-10-29,27,서울 관악구 44로 29
1dd780b9-3949-49de-a914-7c8c4c633461,최연아,female,1985-09-16,37,서울 종로구 71길 77
3ed6f5b4-b5a7-4687-bc6c-3b3f2aeab384,이재석,female,1988-12-09,34,서울 서대문구 19길 21
84758f77-f5cf-4d8f-959d-e26750983158,유은별,male,1990-05-31,33,서울 서초구 57길 48
4af2154a-c614-4797-a0e3-5e4ea4b3f2bd,최유진,male,2003-01-09,20,서울 영등포구 9길 28
7b0fd6ac-5c9d-4c61-afeb-4fd80b42a046,김유진,female,2009-11-09,13,서울 중구 66길 75
aa465e17-d275-49df-a036-34aab6178942,이소민,female,2000-07-01,23,서울 성동구 68로 9
57378d30-be47-4f61-b90a-4de788197cbb,최소진,male,2001-11-21,21,서울 영등포구 1길 42
27bf43a5-5469-4830-b307-00c74cde4a91,강재석,female,1999-08-14,23,서울 성동구 60로 19
c53cc467-da8f-434a-ad1b-4e6851e0da99,최소진,male,1998-11-19,24,서울 강북구 88길 3
ee645788-49bb-4332-a49c-4f8d8882c15b,장은별,male,1999-09-24,23,서울 중랑구 9길 72
87e2a5a8-b726-434b-a249-2fe060a1662f,안주연,male,1981-12-25,41,서울 관악구 96길 43
8af35f0d-969a-4ae0-80b7-d9ff8d7df370,최지연,female,2009-05-09,14,서울 송파구 92로 51
c2046921-2f52-46f7-822e-0b4a917d26c5,강지영,male,2003-10-22,19,서울 노원구 32로 4
d5589fdb-d08d-42fc-aab8-f624e7fcb27e,안소진,female,2001-05-18,22,서울 도봉구 5로 30
f69efc92-c766-4e0d-b42c-1b3b5c59be6a,안윤아,female,2007-08-23,15,서울 서초구 57길 81
63305bf7-e6f2-4b07-a7e8-fa4ab9309633,장재석,male,1981-05-04,42,서울 영등포구 3길 25
800a7c42-c50d-401b-b48d-d21b3ccc97dc,장연아,male,1984-11-06,38,서울 성동구 36길 9
447ca5d4-164c-42e3-aea9-ac4e7675a1e4,강다현,male,2007-05-26,16,서울 송파구 36길 69
3a61b579-dabc-4913-83a6-9a709346a242,윤은별,male,2008-01-18,15,서울 은평구 62길 21
bb5297c7-7fe0-442d-a0f7-cf93323d85f9,박은별,female,1998-05-26,25,서울 구로구 96로 40
a9be22c4-29bc-490a-86c3-d81c7e36ed80,강유진,female,1989-11-05,33,서울 광진구 72로 47
7c239516-5b3c-482f-83b5-443e27fc2856,박유진,male,1990-08-19,32,서울 강서구 12로 65
5519eedd-601a-4337-b2f7-9a01f5d6093e,강다현,male,1980-10-22,42,서울 성북구 73길 71
4159fc7f-a1d3-4713-821b-15ca546f0637,김소진,male,2004-03-10,19,서울 중구 5길 46
8f8369f4-0ae1-4d7a-be3e-b2e93e6d43b3,김소민,male,1982-04-25,41,서울 영등포구 70로 67
6aad31a3-f04a-4793-9247-520f2e916f87,김주연,male,1988-03-25,35,서울 용산구 66로 23
ee355696-60da-4358-8d52-a2b110d53c2b,안소민,female,1991-05-29,32,서울 강북구 66로 81
56feca20-a616-4ace-9c6e-0954a6ed351d,윤소진,male,2003-04-23,20,서울 은평구 16길 71
df676e18-b9dd-4cbb-97ec-a3f997571f44,김주연,female,2002-01-23,21,서울 금천구 47로 26
d467a57a-00ef-4c34-aaee-9b11c4bdedba,최윤아,male,1990-11-09,32,서울 은평구 26로 34
ebf0dc01-d7f9-4375-9aad-22fa7d64d6b9,장지영,female,2005-08-05,17,서울 동대문구 11로 79
77eede76-a9a0-444a-8786-8d21ddfbbb73,장지연,female,1989-11-20,33,서울 종로구 32길 24
4b5828fa-7d45-4922-a591-e4dab35c06bb,윤소진,female,1986-12-07,36,서울 동대문구 51로 63
534668fd-f5f3-40af-91c2-6aa46c13d58b,유소진,female,1981-04-26,42,서울 은평구 85길 8
e099f166-3f90-4c49-8aff-9e3a0478feb8,강소진,male,2008-09-09,14,서울 구로구 33로 29
122e39cf-993a-4185-a35f-a6c9a59555fe,이은별,male,2007-11-06,15,서울 성동구 65로 68
28eefc16-0acd-4e86-a7a4-14c0ac10d99f,장연아,female,2007-03-27,16,서울 중구 55로 32
674283a2-bb2f-4111-9321-793e3267f859,윤소민,male,1996-04-15,27,서울 용산구 15길 21
1505b4b7-3dee-48de-b9db-d95edfeb0d88,안지연,female,1999-09-03,23,서울 동대문구 85로 34
f62af2e2-21f0-4f54-a664-21f6d944629e,윤은별,female,1997-11-18,25,서울 성동구 7길 10
33ef30da-3fd2-46ab-aaa7-a371e58e671d,유소민,female,2000-03-30,23,서울 강남구 81로 55
f9ca6aee-6314-4f80-937f-c4e4fa78f983,장재석,female,1987-01-22,36,서울 동대문구 89로 34
76f86e10-c72b-4947-a357-9234bd2dd5ff,장윤아,male,2008-05-25,15,서울 강북구 15로 46
8ff44356-821f-4b6a-8568-a5b24c8fbfee,김연아,female,1985-06-06,38,서울 성북구 17로 45
e29510b3-c788-4180-9b8a-edf23499466d,윤소민,female,1996-09-23,26,서울 강남구 92로 48
101b901e-a8f6-42c0-a497-105849b3116c,유유진,male,2006-02-06,17,서울 송파구 22길 47
1d63b599-54f8-405f-91ca-fad22fdcf1bb,채소진,female,1985-01-21,38,서울 광진구 83로 99
e4881361-78d6-4916-bebe-642f0605b0d3,윤지영,male,1996-05-29,27,서울 강북구 12로 81
414bb230-edd5-4db1-bef2-8fca78385f95,이주연,male,2005-11-17,17,서울 노원구 30로 48
0a75afe2-c8ce-449e-a915-0348a89c5d24,최은별,male,1994-08-14,28,서울 노원구 82로 44
c0b00a82-b44b-4d5a-879b-792ab919ecc9,김소진,male,2000-04-29,23,서울 강남구 61로 10
9d459073-49a4-4cd7-a32f-92f60c77678a,유은별,male,1985-06-21,38,서울 강북구 83로 8
c13891e4-f999-4099-b138-71fdf361f2a9,윤은별,female,1999-10-06,23,서울 관악구 16로 67
f83fb044-5dd8-4dc2-b72c-74576ef2b52a,장윤아,male,2002-05-22,21,서울 강서구 3길 59
33ffb1c5-562d-4039-9c9d-9820c62bc3fc,안소민,female,1993-04-16,30,서울 성북구 75로 74
1fadb527-0be6-4ed0-a6f6-2b571c10f6e6,최은별,female,1984-02-17,39,서울 서대문구 5길 27
64d1b07d-97d7-4fff-bd0c-19c4c6e35534,장연아,male,1994-02-07,29,서울 영등포구 49길 51
278647e2-619c-4fcc-81b3-5b9001b54f48,김연아,female,1986-09-21,36,서울 강북구 7로 48
b43ff7e3-267d-446c-9e0b-22414122fc07,윤다현,female,1980-12-16,42,서울 강북구 64로 67
92c5d45e-9438-43f2-aee2-af43592c74eb,박재석,male,2009-08-10,13,서울 중랑구 46로 64
6af1839e-572d-4d96-a57d-2d85f0525496,강지연,female,1999-04-02,24,서울 중랑구 9로 96
b46af508-6fb3-4d0b-8b32-bda36fd8e8e1,장다현,male,1983-02-23,40,서울 구로구 2로 15
3b3b2a56-6f30-40aa-b031-45638843d24d,안연아,female,1984-02-12,39,서울 용산구 91길 97
909a25aa-a24e-49aa-9c25-afedc16423fc,이지영,male,1993-03-24,30,서울 강서구 1로 18
296beaf9-e643-4849-96b8-e1f1f48985c1,김윤아,female,1985-09-09,37,서울 도봉구 8로 85
34f8f35b-0d94-4575-ae5d-7abb01c9b775,안재석,male,1992-07-25,30,서울 강남구 82길 69
5a84dec3-1398-4088-a772-ff8e642752ff,장윤아,female,2008-06-02,15,서울 송파구 98로 49
d2eb0fc2-4dd7-4311-bbea-ca7373932033,강지영,male,1983-02-20,40,서울 영등포구 72길 6
36b8c78b-7533-4309-8bcf-aa025f5ef4a9,채다현,male,2008-02-02,15,서울 은평구 67길 6
9ada6b6e-66e8-4aa7-9374-3e99ec4fa108,장소진,male,2005-07-17,18,서울 성동구 26로 29
28f5fe1d-8056-41df-9c26-efb3f9e95cb9,안다현,male,1986-02-06,37,서울 구로구 82로 3
1b0ba463-87db-4e02-91a8-8a6dbd1f970a,강윤아,female,1987-10-19,35,서울 도봉구 85로 36
98fca927-f5e9-4753-9a4d-4221e086a42a,채유진,male,1985-05-15,38,서울 강북구 79로 29
b7a084f0-81bd-4188-b811-0bd3d7272d5c,강소진,male,1988-04-29,35,서울 구로구 66로 64
6d09c3b4-3930-4ef3-a815-205e79b21ea5,윤은별,male,1988-09-03,34,서울 금천구 12길 2
de5aaa56-06a2-4355-831b-1e76b3960d01,김소민,female,2002-10-25,20,서울 구로구 46길 11
345b1d0e-0961-4db2-9bc7-50cb9d10ef85,김윤아,female,2007-05-04,16,서울 도봉구 81길 61
e83a3089-a3b8-4ac3-b1a4-3a2c76db918f,박지연,male,1999-12-31,23,서울 강북구 7로 65
2db2eb58-e6e4-40ec-a91f-c879315601f1,장다현,male,1984-07-08,39,서울 중랑구 50로 52
ddd1de1b-a319-40ba-809b-93bec1054451,채주연,female,2004-11-21,18,서울 동대문구 36로 44
dc64a987-bb29-47aa-aac3-f830fb0afc46,김다현,female,1997-10-28,25,서울 서초구 39길 82
ba762d69-e17e-4973-b624-457126577b11,유주연,female,1986-04-15,37,서울 영등포구 78로 41
97d2e444-e587-4a9c-ad78-4387723b865e,윤지연,male,2000-09-04,22,서울 강북구 46길 26
b73cfb2d-31a5-49cf-9d4d-112b00221e52,강연아,male,1989-06-23,34,서울 구로구 83로 18
b7649075-2e62-4b17-8ef2-4b0051d3db99,유윤아,male,1982-01-19,41,서울 성동구 40길 89
75780134-ede3-4527-a848-03eb4b61f51c,유소민,male,1984-01-01,39,서울 관악구 92길 94
30de63c1-9b5e-4fc2-bdfc-0d5994af3b8c,강주연,male,2010-03-05,13,서울 중구 8길 51
226add6a-302e-4740-9480-f7f0eb52dd59,안재석,male,2004-03-31,19,서울 도봉구 44로 59
463e23a9-cb5a-462e-8f6d-eac84740b9ac,장주연,female,2007-06-22,16,서울 강서구 34길 22
3195ecb7-7964-4845-9be7-322f18f58f9d,채윤아,female,1991-01-06,32,서울 도봉구 10로 48
80d8a8ac-316b-4781-a125-64a0146b47f2,윤지연,female,2003-12-14,19,서울 금천구 48로 21
a4befa05-e030-4e91-8853-1c908de97fd4,윤은별,female,2002-12-28,20,서울 성북구 94길 35
21bfb018-6880-46b1-924b-3d3d051c5565,유재석,male,1985-12-19,37,서울 강서구 56길 89
99828f67-c46d-4a15-b9f8-e6c540101faa,박재석,female,2001-02-12,22,서울 구로구 27로 41
6771f895-49e6-49d9-b71d-450b6c59dd04,김소민,male,2003-05-16,20,서울 강서구 73로 43
ffea56ab-854d-4504-a603-fb76c24f254e,안지영,male,1986-03-31,37,서울 강남구 1길 30
90628878-3a12-4615-ad21-93bf4b9e9427,이은별,male,2002-02-21,21,서울 중랑구 33길 59
ce7cbb8f-e40d-4c00-b6eb-f3cbc1f2e44a,윤소진,male,2010-11-08,12,서울 영등포구 11길 20
d1a20162-64c8-4eab-8f40-56a3873f8c02,강지영,male,2001-08-14,21,서울 구로구 7로 77
84c76eba-383d-4d9b-a950-a2f81e1cbc8c,박소민,male,2000-05-24,23,서울 종로구 79로 84
bb2fcf1a-3a18-4629-b3d8-7d24d3e34806,안소진,female,1998-02-07,25,서울 종로구 20로 34
c8db586d-1e02-4ddb-8681-96197857f867,김지영,male,1994-08-25,28,서울 서대문구 36길 65
16ce81ae-cf37-407d-a633-7a061ec13456,이주연,male,1987-04-16,36,서울 종로구 77로 80
e2e2da24-c28a-482f-b52c-92d6db51b195,박소민,male,1991-11-24,31,서울 동대문구 43길 51
69416cbc-d116-430b-bc4e-e8bb1762002e,최은별,male,1984-03-27,39,서울 종로구 71길 77
7b7450b1-5213-4142-929c-0dd5889974fc,강주연,male,1998-04-24,25,서울 강서구 58로 65
0f8bb58e-a180-4846-8d1a-4bb164847722,김다현,male,1984-12-11,38,서울 관악구 34길 74
eac33a82-b010-4d41-8983-46135ed559d5,안다현,male,2010-08-15,12,서울 서대문구 64길 43
928d5488-888a-4c3b-bb04-7e22495d491b,안윤아,female,1982-11-26,40,서울 송파구 99로 18
68fa3a2f-ca88-4e2a-89db-596b0d2e433f,박유진,male,2005-08-25,17,서울 성동구 6길 12
9b379620-2edd-47dd-abf2-63c8b5777519,안윤아,male,2008-03-20,15,서울 도봉구 55로 84
0e05f39a-5c55-4ff5-96a4-783d39b046f2,강지연,female,1995-06-21,28,서울 도봉구 93길 56
cba8f6be-1cf1-4cfa-a158-8c5fd2b14150,김은별,male,1985-03-01,38,서울 종로구 39로 26
f09ff862-7f05-45d0-8703-8b8c3d06082e,안연아,male,1992-08-09,30,서울 강서구 75길 22
01f01395-b765-48bd-9be8-37f1612ba619,유지연,male,2006-04-18,17,서울 노원구 43로 69
cfde342a-662a-4fc8-b0e9-e999d5e3ffd8,김주연,male,2001-01-13,22,서울 노원구 54길 79
c0c1deab-f24f-4816-899d-72cb4c05d1b7,김소민,male,2009-09-07,13,서울 서초구 55로 34
95bfb5a2-acd6-4c72-86fe-dfc2f9640709,이소민,male,2003-08-07,19,서울 중구 14길 72
9289e893-aaa2-470a-923b-3dd364e83927,채은별,female,1998-11-25,24,서울 강북구 44길 4
c02cd830-6db5-4533-a319-50e53b02535e,김다현,male,2003-05-24,20,서울 광진구 74로 36
75e746e0-6f46-40ed-a405-b842097cc705,윤다현,female,2004-11-23,18,서울 금천구 47길 82
f907770f-09e8-4bc8-8076-237cf0c193e0,강다현,male,1999-02-23,24,서울 성동구 31로 44
5efb9e65-ac3f-4f46-8e33-4eb30c6f3e4b,박재석,female,1997-08-19,25,서울 노원구 94길 40
c6f22fc8-c018-4981-9399-18495e29164d,윤다현,male,2004-09-12,18,서울 관악구 52길 74
d396c6c4-2c07-4f5a-b339-70eb872120c1,윤은별,male,2009-08-25,13,서울 금천구 42길 64
8d637a87-5527-4ab7-9eae-b380871a7011,장윤아,female,1996-09-18,26,서울 광진구 87길 55
62000254-ed2c-4ab5-a5af-e183ec069557,장유진,male,2009-11-07,13,서울 구로구 54길 82
8b62e088-2cd8-43df-8bdf-4b744fd66e28,최지영,male,1985-10-01,37,서울 금천구 42길 1
d24599b8-8301-4bc2-bfa3-16e8c1e2f7f0,유주연,male,1985-02-20,38,서울 관악구 87길 10
309ccf5b-6b41-4fbf-ab5f-3e5d0e244104,유주연,female,1998-10-08,24,서울 영등포구 74로 61
4eb556af-36ea-4c0f-a363-344180a0c95f,김은별,female,1990-08-20,32,서울 강북구 59로 88
df8550a2-314f-4a40-bbec-cccf7f38e005,박소민,female,1980-03-19,43,서울 송파구 79로 55
cc0ac5ce-30a1-4a54-affa-822107dce884,박소진,male,2008-06-18,15,서울 서초구 6로 41
935a38c3-f78d-4f8a-b236-5b9022d802dc,유윤아,female,2006-08-18,16,서울 중구 65길 10
baba7fc8-0013-46ae-b7cd-c709b77e94a6,윤재석,male,1998-05-27,25,서울 구로구 88길 26
5654b181-118c-448b-93ca-39023397dbcd,안소민,female,1991-07-16,32,서울 광진구 72길 19
73bb853d-8b78-4c86-b035-aa0741ae73ab,이소민,male,2003-04-14,20,서울 노원구 86길 29
29623dce-95b3-40a5-b3b6-a9256e7c9af5,장윤아,male,1982-08-04,40,서울 노원구 93길 33
d4ea5e90-b440-4814-bc0f-d434f0d08d45,이은별,male,1992-05-07,31,서울 송파구 78길 50
e46e5539-afb6-45e7-9389-7e751e70ff28,안지영,female,1985-06-29,38,서울 종로구 60로 55
e0f81252-de69-401e-808b-93ab17f35a26,윤주연,female,2000-04-17,23,서울 서초구 98길 34
5998ca23-1fff-495c-9d7b-01e1e9cf003d,윤주연,female,1984-07-28,38,서울 구로구 86로 36
ae2b65a4-5d15-484d-914f-a513af9dbef3,윤유진,male,1984-05-11,39,서울 성북구 93길 89
502712c2-51c9-407d-9b27-abfd14e87506,김윤아,male,1997-10-04,25,서울 중구 53길 59
04bfbe9a-ada7-48f0-b446-ef89b3e9cea5,김재석,female,2001-01-08,22,서울 강남구 53로 58
aabb86a7-f1e3-46f4-afce-361407dda18d,윤소민,male,1992-06-24,31,서울 관악구 22로 19
4cd41225-a560-4843-b6ea-be0848c05a43,윤은별,female,1988-07-22,35,서울 강서구 22로 87
2b9f6ad6-ac17-4a3d-80fd-1bfeb7f6d18c,안소진,female,1980-02-11,43,서울 강북구 43길 41
cbc1503a-c064-4010-978f-79eb4adfde2e,안연아,female,1996-05-21,27,서울 도봉구 78로 86
2c750156-4417-434d-a741-c5dd05f2cd5b,채연아,male,1995-04-02,28,서울 동대문구 58길 95
f4becebf-2e26-4619-bea6-648b0b4c31e4,박소민,female,1983-10-12,39,서울 강남구 55로 54
a564ac12-3201-4fdb-92ae-740f3086155c,박연아,male,1999-02-27,24,서울 노원구 21길 12
79ab0ef7-a5ec-4a05-9c6e-0e682c115b65,이소민,male,2006-09-07,16,서울 관악구 51길 28
4ffe4d5d-2ea5-4aa0-b46b-a66594f8b17b,최재석,male,1999-09-10,23,서울 서대문구 82로 35
4519b5fb-8be1-4fb4-b722-8267d2fc260b,장재석,female,1993-09-29,29,서울 동대문구 8로 30
3f126995-cccf-4acd-a1aa-5a4aa077d139,김윤아,male,1993-05-07,30,서울 은평구 56로 63
cd917820-d62b-47f7-9828-81992cbf1b1c,윤소진,female,1982-07-13,41,서울 서대문구 42길 93
0554166e-6c09-4ea6-9da5-6013cd111a41,김재석,male,1992-07-16,31,서울 송파구 39로 42
ab8345ad-8d10-497c-a38c-7c34352a23d1,장윤아,male,1994-12-12,28,서울 종로구 6길 70
4bd773a1-64cf-4418-8bfd-1fd303dcd633,유연아,male,1983-11-07,39,서울 종로구 54로 44
878c2867-bf7b-4d4d-8b26-4d634cf68961,윤주연,female,1995-08-01,27,서울 동대문구 95길 73
6b1086ac-746b-4ef8-9621-f99a263c43d2,박은별,female,1987-09-18,35,서울 강북구 23로 66
4a6b6a96-0aec-49b9-83e0-e7c3166da715,최윤아,male,1994-11-11,28,서울 서초구 86로 18
45f01d20-2bfd-4f2c-96d3-6848e8217333,최연아,female,2009-08-05,13,서울 성북구 71로 29
577e8b96-4b66-4e88-a44c-65e105f1fdee,김재석,female,1994-08-03,28,서울 구로구 51로 80
aec67d22-ba81-4dae-a724-6db74a42bb5e,유연아,male,2010-02-11,13,서울 광진구 80로 68
b53e635c-db7a-47a0-b1c1-fc67c4510d6a,채재석,female,1989-04-30,34,서울 도봉구 2길 30
fa975ee3-c3f2-4323-8f4e-4cf88c3d6fbf,김유진,male,1996-06-25,27,서울 금천구 7길 78
1a276dd9-7bba-4c00-8c42-f7e024b2d129,강지영,female,1987-01-27,36,서울 노원구 82로 53
e1527354-0211-4c79-8a0c-f008154d1e1f,이주연,male,2007-10-03,15,서울 중구 3로 27
208d6b5b-80fa-407a-a73e-956e618627da,장윤아,male,1981-08-16,41,서울 성동구 3로 55
fd6ad40b-b3ec-4b54-a940-f058bee18292,윤유진,female,1991-02-19,32,서울 도봉구 91길 2
4afaab1f-7554-47e7-96ba-5f5aaf740514,박주연,male,1984-06-11,39,서울 동대문구 61로 93
42382192-b06a-47ff-9de3-b2fae14d11fb,이재석,female,1984-07-27,38,서울 서초구 95로 78
a6d74d26-bcc8-430f-aea2-5aec2f244b78,최소진,male,1990-08-15,32,서울 강서구 85길 36
d23fdef0-a6a0-4274-9260-4a36ec1e3ab0,유지연,male,2010-07-11,13,서울 성동구 15로 81
20549732-7e65-4b17-a448-d742dbacd728,최지영,male,2000-09-17,22,서울 중랑구 59로 9
52982ef2-2227-4a4a-a57c-e038c97379bf,김유진,female,1980-02-26,43,서울 중랑구 72길 53
6f08d030-57fe-4e57-969e-6e48e171ee99,최연아,male,2009-01-29,14,서울 노원구 67로 53
be9c0f67-8634-4c0b-ab04-2d0abcfb21c9,윤윤아,female,2006-09-08,16,서울 노원구 49로 50
7de9d3c9-c497-418c-a945-08276bc9f555,안주연,male,1994-02-17,29,서울 서초구 89로 9
eebf6bd2-efbc-41f3-ac76-0054c6bfa260,강다현,female,1990-02-02,33,서울 용산구 21로 71
4f87ebf2-3289-4278-94ec-472ebe4ea2b3,윤재석,female,2010-11-27,12,서울 송파구 72로 7
9dd17132-163a-48f9-aebb-e0da8b6de4e8,김연아,male,1991-04-09,32,서울 강서구 52길 12
bbcfd50d-94b3-44c5-8f66-e390a06b3e43,유소진,male,2009-06-06,14,서울 중랑구 30로 39
9607105c-d898-40cb-891e-d1ba524fa37d,장다현,female,1982-02-28,41,서울 관악구 96길 95
df1093ee-c92c-4160-bd42-fd112e4e0043,박지연,female,1984-02-24,39,서울 금천구 55길 96
54df5d1f-c20b-4d96-8679-5623b788d3a7,강주연,female,1982-02-01,41,서울 광진구 68길 13
83d8828a-a49c-449b-9f54-d109cb3cdedc,장재석,male,1986-07-23,37,서울 강남구 78길 63
87bf3d0d-7e5d-42c1-894c-7f42f7f150d1,유윤아,female,1991-03-15,32,서울 용산구 42길 33
400c374b-1641-42dc-9a96-bde1241494a8,김지영,female,2000-09-20,22,서울 영등포구 89로 79
c2e0c186-f52f-462a-94ac-cc218163aaa4,안소진,female,1985-12-14,37,서울 관악구 88로 68
a083bccf-b415-42fe-bd04-7d8e1c650e2a,강은별,male,2009-05-28,14,서울 중랑구 50로 28
71b5907a-0fb4-4b17-878a-7e34ac13e836,유재석,male,2010-04-11,13,서울 송파구 70로 69
6a35f18e-1c56-4f6b-84c2-5e0b55092c68,이소진,male,1994-03-27,29,서울 은평구 62길 6
0bd36c80-8b06-44cc-abae-8ba616f9185a,유은별,female,1998-01-27,25,서울 노원구 20로 57
f7fd123e-8647-4985-8739-c35d998a251c,유소민,female,1989-07-19,34,서울 중구 46로 52
5a856832-295d-414d-acbc-19aede802532,박유진,female,2008-11-01,14,서울 서대문구 24로 38
fd3794ab-12ca-41f0-9d1c-746de2823a77,채소민,male,1986-06-03,37,서울 서대문구 90로 33
3bb8a268-3d6b-4bd8-8dfa-05d82b16a74c,이연아,female,1983-07-17,40,서울 서대문구 95로 44
72442690-52cf-4acf-934b-286c901863eb,이연아,male,1997-04-01,26,서울 종로구 47로 40
f127de93-4fa8-44ff-a4f5-0e44771d1280,강유진,female,1988-11-19,34,서울 영등포구 56로 72
850dcf3a-4dc3-4df5-a2f5-dff8b91aa6e2,채재석,male,1999-08-19,23,서울 구로구 67길 22
b7adaca3-68fa-4b87-a9f8-b6851bd869de,유은별,male,1982-09-15,40,서울 관악구 13로 24
82657d00-9909-484d-91ae-6f3995d64e31,안주연,female,1998-03-29,25,서울 중랑구 60길 80
fd72fd11-3076-4afd-86e2-9e41d583a143,유지연,male,1985-10-01,37,서울 도봉구 40길 39
e7f20c42-7169-4bc1-96d8-874d68e867c4,장다현,male,1991-06-24,32,서울 강서구 48로 16
6ab48997-fa6f-4855-99a6-f159b4a2386e,유유진,male,2007-12-24,15,서울 종로구 78로 64
a35ca8a7-065c-494d-bad6-56a6091d994c,박소진,male,1992-11-23,30,서울 종로구 75로 67
115fc183-1326-46f7-acd8-760f3a136b6e,이소민,male,1999-12-01,23,서울 종로구 52길 42
ff22d164-350c-4e95-afbf-d933d4e30952,박은별,female,2006-04-30,17,서울 동대문구 54로 44
cc82d7cc-17d6-405c-bec9-0be890ca44e5,강유진,male,2009-06-13,14,서울 중구 83로 47
5ba04e15-0943-4b9d-beb4-aad67efe4957,이유진,female,1992-11-19,30,서울 성동구 12로 50
be4e38a7-8988-4611-a0b6-c0dc637dc037,박재석,female,1991-08-26,31,서울 중랑구 3길 95
73d8643c-a81a-4041-973e-88ceca4cb9f4,이소민,male,2003-12-31,19,서울 중구 27로 23
e25c2843-4868-4237-817e-0b8751fd8685,박윤아,female,2006-10-14,16,서울 동대문구 70로 16
8b215be5-a690-4afb-9a56-7823f607a7b2,최윤아,female,1981-11-29,41,서울 은평구 17로 77
ba95fa4a-75dc-4b0e-b0f0-8cbc04c549a0,채소민,male,2004-07-22,19,서울 성동구 64로 69
68195f5b-1680-4c88-9ade-376ddc24975e,최은별,male,1996-05-08,27,서울 성북구 48로 47
b93dfbc1-6609-42b1-aa92-5fc0d42eff7b,이유진,female,1997-07-03,26,서울 강북구 83길 33
eb6053e2-7fd4-4a51-b232-ffa1f579fec2,유소진,female,2010-07-15,13,서울 송파구 54길 15
763f4b41-d7c8-4297-a1d1-8d1606328a79,채다현,male,2002-01-06,21,서울 강남구 16로 22
4f4d280d-93ba-403c-8224-a845d6ef732a,유연아,female,1994-02-01,29,서울 강서구 62로 99
038b1a52-ae8d-4b78-934e-9373d1fda815,이소진,male,2006-04-23,17,서울 성북구 63길 82
81e28955-8364-44cd-9a46-d0702c0123db,강재석,female,2002-09-07,20,서울 중구 86길 93
ba3c9b3f-9ccf-47ed-9943-12094923bc03,윤유진,female,1989-05-29,34,서울 용산구 33로 85
51c74a13-a1f0-4e49-915e-c308dfd87a47,박다현,female,2002-11-12,20,서울 광진구 44길 19
55d17b54-1e34-4d60-80f4-cd1ed846e573,윤유진,female,2003-03-12,20,서울 성동구 45로 27
98f3f8ef-bc6a-4c0e-b728-eb87cc61f88b,장지영,male,1987-11-09,35,서울 용산구 91로 85
8514b622-f471-4aed-ba88-137bb718025d,윤은별,male,1983-05-25,40,서울 용산구 17길 16
6d43c583-d376-445a-a231-fb0e10d7b359,최연아,female,2010-08-05,12,서울 은평구 66로 80
32beee9a-ce39-43af-9ef4-9a486a5deab1,김다현,female,1993-03-01,30,서울 중구 92길 90
1d07e897-8031-4f58-9bfb-7106648721f4,최윤아,male,1980-01-24,43,서울 영등포구 26길 52
eb2bbec3-ccb4-4864-90af-61b2cb88f7dd,김지영,female,1986-07-04,37,서울 강서구 33로 63
3fdfb538-2e36-4608-a2c8-dd46a3d7bd82,장지영,female,1997-11-03,25,서울 동대문구 91길 58
2e0d496c-c9f4-4443-a068-bc50dba361aa,윤윤아,male,1983-08-22,39,서울 금천구 7길 64
6d0ba5ed-f95b-4ea4-813c-a5c6c6413b4b,강연아,female,1988-05-11,35,서울 송파구 40로 36
94c4550d-75f1-4545-b780-0ec0f5a582de,박소민,male,2001-05-21,22,서울 강북구 84로 20
96a60e5c-202c-4630-91d4-16b7574d33b3,박유진,male,2001-01-07,22,서울 성동구 32길 85
bfd69746-4346-4030-b2ee-fb4a1b537303,김윤아,female,1988-06-29,35,서울 강서구 66길 48
d7b5fb06-ac03-49f0-9217-df12f0e47e02,유윤아,female,1997-01-05,26,서울 성북구 78길 19
53db83df-e286-439a-bd26-9c57fe7e12b0,윤소민,female,1983-04-05,40,서울 도봉구 71길 11
3f76fc99-3f44-4c46-ad9b-b91e5617e08c,채소진,male,2006-01-10,17,서울 은평구 55로 38
a4a0c49b-ad99-4b6d-83a3-e19277d59d42,안소진,female,1995-11-14,27,서울 은평구 96길 90
c9a63fdb-b856-4c94-99df-29434fc5d247,유소진,male,1985-07-29,37,서울 강북구 27길 50
23eddf55-a43c-4990-a1c2-88da05f025e8,장소민,female,1999-11-12,23,서울 금천구 24로 79
68a81170-b0b2-4067-9971-978cc739598a,김윤아,female,2005-07-15,18,서울 도봉구 18로 42
ae72f3ae-d93e-4338-be74-e51e7e65c66c,윤지연,male,1992-09-28,30,서울 노원구 40로 97
02565c60-e8e2-454d-a73f-e8cff00ea6e4,안소민,female,1991-01-17,32,서울 구로구 51로 73
d2c389f1-db25-41e7-8449-b26f1389b303,강주연,male,1981-10-28,41,서울 노원구 50길 21
557ec9fb-5cd1-4e71-aca9-c53f1bde7352,최다현,female,1983-07-03,40,서울 서초구 54길 55
44545646-7e9d-4b87-9712-e1c670d540cd,강다현,male,1992-08-25,30,서울 강서구 16로 58
7fbe7539-92d7-4cd0-92b8-355d778f2871,박유진,female,2009-03-27,14,서울 강남구 47길 64
33ad5108-096e-4880-b354-a2c061aec742,최연아,male,1989-08-12,33,서울 은평구 79길 80
45966cfd-a4a8-4e8b-bfdc-f3cbcb9613fe,김지영,female,1988-02-02,35,서울 은평구 31길 91
593c5858-ac36-41de-85ab-cab8624b8276,박연아,female,1983-09-04,39,서울 중랑구 4로 63
28e0bcfe-6a8a-4a57-acb6-0b16476f2588,이소민,male,1992-11-06,30,서울 송파구 26길 55
44c39de8-aeb4-4167-989c-213a0d4dabc2,장소진,female,1990-01-23,33,서울 노원구 25로 56
21a2adf5-3b4c-4be1-a94e-d99c8aaabae6,윤다현,male,1983-06-06,40,서울 강북구 77로 52
01ff413a-16d4-41c1-b4dc-06fe61cbbc28,윤지연,male,1984-08-20,38,서울 금천구 78길 10
ff4497f4-f597-4d19-b16d-aa21ec6e1e02,장소진,male,2008-02-11,15,서울 용산구 93길 21
4f37cef9-de21-483c-9243-64bbc209c822,채연아,female,1998-09-30,24,서울 구로구 59길 17
ced86f1d-8c2c-47a7-8591-1545bdff675f,김지영,female,1989-05-23,34,서울 관악구 82로 29
129878a2-60da-4320-87b0-86cd35085f07,박지연,female,2010-05-19,13,서울 강남구 50길 80
573fb591-e535-4583-a7d6-1af22a97c049,윤지영,male,1994-07-27,28,서울 강남구 5로 94
c01e48ff-cafd-4cd8-aac4-04a180a04587,윤재석,female,2008-05-31,15,서울 성동구 57길 33
1b1fba86-74d0-4206-a019-4ae57914d161,장소진,male,1993-11-16,29,서울 중구 38로 14
438a6cdf-66ed-4543-89c5-c0a9edbd956e,강지연,male,2008-12-15,14,서울 중랑구 22길 89
8ac0e650-062e-4e45-b6e9-29f751f63b8d,최윤아,female,1984-10-25,38,서울 도봉구 39길 42
88cd57d0-aa8e-4e75-bbf9-bb909b0a1d89,안지영,female,1996-06-02,27,서울 영등포구 24길 8
59d02161-4229-48ff-9f70-0d440b75a06e,장다현,male,1992-05-19,31,서울 성북구 53길 49
d3db093b-3c35-49d6-9e9b-b85321952ef8,장다현,female,2005-07-08,18,서울 강서구 87로 73
3185b875-e5d3-4512-8086-032c3fd83acb,이지연,male,1989-12-29,33,서울 종로구 15로 85
cfd64534-f215-4baf-8689-71996a1fcfa0,윤주연,male,1985-02-22,38,서울 영등포구 11길 82
9f768b47-0bac-432f-964f-b141e365a97b,김소민,male,1983-04-12,40,서울 구로구 41로 52
a412a091-77ba-4e10-bc0a-8eec67312703,강소민,male,1993-04-04,30,서울 서초구 16로 16
e98cde23-0f9b-44eb-bf53-ffd739f463ee,김소진,male,1980-08-04,42,서울 강북구 30길 47
48107e00-4b0e-409d-a731-2cb485d69f96,윤윤아,male,1988-01-05,35,서울 은평구 9로 35
825088b2-da7e-4e96-b6d6-86dd41685848,강지영,female,1981-03-20,42,서울 은평구 18로 42
5b12e1ae-aad8-4ae9-9968-7faffd730454,이소민,male,1992-03-04,31,서울 구로구 84로 20
87e8565e-d23c-4249-8376-584ab1bde1b1,김지영,male,1991-12-21,31,서울 중구 50로 62
2d3650a3-458b-445d-b9df-1029db7baa95,유소민,female,1994-11-20,28,서울 중구 24길 42
a90c1c4f-2779-48c6-805b-d7fc20ae68d3,박윤아,male,1983-07-24,39,서울 금천구 91로 40
3908cbb7-108b-4a96-9808-a87f194fbdb7,강은별,female,1980-11-04,42,서울 은평구 99길 71
8dadc9cd-6875-4522-9a0e-34d1996aa63a,강다현,male,1981-10-05,41,서울 성동구 5로 16
0df1afa4-c320-4f5c-9b01-5a4d2ad2b5fe,김유진,female,1998-05-23,25,서울 강남구 89로 19
00746e18-e88f-4af6-8f78-0484ff70a1a5,강소민,female,2004-02-25,19,서울 영등포구 92길 27
5a0f36a0-6352-4483-a1e1-231826a43e0a,윤소민,female,2006-12-21,16,서울 서대문구 92길 99
12dd28bb-ea51-46ab-8c44-53aa56823920,윤소민,male,1991-11-13,31,서울 강북구 87로 3
13021fcc-aace-4358-9d4b-6fb7be3fc4a9,윤윤아,male,2009-10-12,13,서울 구로구 57길 69
3ff6f3d1-e570-472e-a107-f6331383aa51,장은별,female,2007-08-13,15,서울 성북구 32길 90
2f188ce8-eab9-4e40-a4c9-90c3a317b55c,이지영,male,1993-01-11,30,서울 도봉구 10로 9
4d9e1c99-79f7-4f77-a87b-4b8a0a336781,장은별,female,2009-08-30,13,서울 서대문구 38길 48
c93e85d7-c942-43fa-82e7-bebacfcd30b2,이은별,female,1980-09-21,42,서울 중구 83길 32
406da843-8757-4d54-830e-98ab17508502,강은별,female,2010-02-09,13,서울 은평구 29로 66
cc7db81a-698f-4633-a5b6-eac261f1f09c,윤다현,female,1998-03-22,25,서울 서초구 19로 5
f604243a-8f2d-4734-abb2-ce0d0bea4f5f,김지연,female,1998-06-14,25,서울 강북구 26길 84
d1b33c96-7f79-42a4-95a1-4f4ffabf55cd,윤재석,female,1981-02-02,42,서울 금천구 94길 74
0dc28ab1-bf79-4c11-bb6d-74d484819e7b,채윤아,female,1995-08-12,27,서울 성동구 47로 68
0f56a04c-ee9c-4d8d-a34d-2cb0130f2381,안다현,male,2006-10-11,16,서울 도봉구 12길 90
ea18255a-fe28-4bf8-936d-09ca32646f08,윤지연,female,1990-03-24,33,서울 도봉구 44로 81
778e4912-fa42-4239-875e-fbab5bfa1cf6,채다현,male,2005-06-02,18,서울 구로구 61로 10
036c9973-c6c8-4f98-aa04-47bba926893b,김유진,female,2009-09-27,13,서울 중랑구 80길 28
b70eb9ac-181b-4a75-b376-bba74231beba,최주연,female,2003-10-31,19,서울 영등포구 60길 57
bba25b45-6ad2-4da6-a204-d9b48e63a69b,박지영,male,2005-09-02,17,서울 강서구 68로 3
1f336e09-e44c-4ec8-b578-85bb9cc38f0c,강지영,female,1997-05-07,26,서울 용산구 6로 47
7c34564a-bfb9-4fa1-b6ab-93e78a5393da,이은별,male,2004-06-09,19,서울 광진구 19길 62
448cb8d9-727e-41f6-b8b2-d89ede7d83f9,윤재석,female,2009-06-07,14,서울 강서구 79로 95
a96df1e8-bf15-435c-b73d-e532adfda689,채지연,male,1991-01-17,32,서울 송파구 63로 21
32f22fdc-729b-425c-ad41-bd87fc8e6e93,박재석,male,1989-11-02,33,서울 동대문구 46로 61
c8feb4ea-1b7d-49b0-b8dc-e3a729c66825,장주연,male,2000-11-19,22,서울 광진구 88길 53
e6bd4b60-8866-4741-b5ae-bc47ba7b6a64,최주연,male,2007-12-11,15,서울 강서구 84로 73
62aea3df-7008-4bb6-b73d-6b5d87e549fb,이윤아,male,2008-07-17,15,서울 광진구 13길 86
542e713f-b500-43d2-835e-a9971cc4222f,강다현,male,1999-12-22,23,서울 동대문구 83로 65
42bd79bf-0188-4712-9b20-11981a8d0f23,김소민,female,1989-07-03,34,서울 송파구 10로 4
e4c139e2-3757-4a05-ab14-35c6f4cd2019,윤재석,male,2006-11-15,16,서울 영등포구 38길 53
8ed49cd1-ed86-4407-a2e7-2485e673e579,최소진,male,1989-06-18,34,서울 금천구 83길 64
31e61bac-3ade-4415-bff9-9f63286ad9a5,박윤아,female,1981-10-26,41,서울 구로구 92길 12
e4cbb303-5e33-44a2-a7be-994cb8910173,이은별,female,1996-06-21,27,서울 동대문구 1길 25
4e77f28a-328c-4827-8ab8-5eeec0f5a0e4,채윤아,female,1984-05-20,39,서울 종로구 96로 49
33626612-1444-40fa-972a-b71aef3a6f40,강소진,female,2001-12-06,21,서울 강서구 61로 49
62e51373-bb51-441e-a6ab-1b79052fc130,채주연,female,1986-05-13,37,서울 강서구 94길 23
ec583d0f-0ece-487b-8350-9470e94771f5,김소진,female,2007-09-14,15,서울 동대문구 56로 28
c9eb7a4a-f9ab-42f4-95fb-e95a14b914bf,윤소민,female,2009-06-22,14,서울 동대문구 2길 78
789ff407-8d3f-4d16-a979-671c28324803,최은별,male,1996-09-28,26,서울 종로구 5로 3
f2975429-764e-4646-9dba-219774584db6,윤지영,male,1988-01-24,35,서울 중구 14길 46
44e8fae7-5f43-4a4a-b2e4-5332bae79571,이다현,male,1998-10-05,24,서울 은평구 90로 27
35e40f37-9d59-4881-b387-a82afaa7263b,최윤아,male,1989-10-18,33,서울 송파구 33로 2
2e2eb411-735c-4427-9d67-bdc03d85afb6,채주연,female,1996-12-15,26,서울 서초구 32로 16
e8516957-dae0-4016-a3d9-1b4c2d72c5bd,이다현,female,1999-10-05,23,서울 성북구 55길 75
55f59f0a-ff9f-449a-a56d-3b0f1d2a896a,안소민,female,1998-10-31,24,서울 중랑구 7길 37
f13f30dc-9a43-499c-a27c-1ea2c5cb8e4d,윤지영,male,1983-06-30,40,서울 강남구 49로 90
d3e91e63-47b1-4595-8a09-a769eeddfefd,강소민,female,2005-04-09,18,서울 송파구 8길 53
c219a0d2-146d-4bf1-acfa-45e1de15e91a,김은별,male,2000-08-13,22,서울 강서구 29로 74
457a35bf-6c94-420c-b19b-9c19f547814e,윤주연,female,1993-12-13,29,서울 강남구 39로 57
f29ebb42-09f3-40d3-9769-d26456d00c75,장재석,female,2010-08-27,12,서울 종로구 52길 55
863120d4-5254-4504-b8a4-327a0d174282,윤소진,male,2010-10-09,12,서울 용산구 13길 77
9b03ba56-1ed8-4457-90b2-cececef7975f,윤주연,male,1995-08-25,27,서울 성동구 36길 93
01062f7d-08fa-496a-8378-3ed65b14bb1c,김소진,male,1988-05-22,35,서울 강북구 70로 36
9f398500-8929-4568-80e0-dcbb22f0a473,강소진,male,1980-09-23,42,서울 노원구 10길 82
86918c32-ac01-4149-ab57-1f9e5f2826db,최재석,female,2009-05-24,14,서울 은평구 85로 65
ab25c3e1-653a-4be0-8239-e114bd94d190,안소민,female,1984-04-29,39,서울 광진구 16로 9
fa96a97a-e8ef-40db-ba71-0f6faaf5623b,채유진,male,1999-01-02,24,서울 관악구 90길 79
cae52496-9523-409f-ba7d-995530e14ece,강유진,female,1987-08-21,35,서울 도봉구 24로 61
1d283c32-7776-4c1e-b0b4-6684ab4c105f,강다현,male,1995-11-29,27,서울 중랑구 55로 92
e5fee6c8-cf6e-4bfd-b410-b3751aecc757,이지영,female,1982-08-19,40,서울 성북구 22로 86
4c519762-5d48-4a35-9d5c-a9c3552ddb9a,안다현,male,1983-11-14,39,서울 서대문구 3길 97
d7e0bf18-1ef4-49f0-a6e0-638e9b6d5a92,윤유진,female,1997-08-12,25,서울 관악구 12길 17
e5ee4085-2b5b-4887-b3aa-8fd1b6e376ad,김재석,male,1981-06-29,42,서울 은평구 70로 71
41c1891e-a4d1-47d7-8501-7e874a622b50,이연아,female,1993-01-20,30,서울 은평구 8길 62
a35d254b-396a-437b-94d2-848d85d9d953,장소민,female,2004-08-27,18,서울 관악구 70길 73
2877cb70-647b-43e5-b0a7-33608e8d7a52,박소진,male,2009-11-12,13,서울 강서구 62길 95
ffc3386d-04cd-4971-856b-13ef709c3382,윤윤아,male,2007-12-01,15,서울 노원구 67길 19
4e166ebd-7022-4778-8e0f-38ed789be293,최다현,male,2006-01-10,17,서울 종로구 3로 45
723dd9c8-176b-45f1-bb9e-59e4ed65a069,채다현,male,1982-02-18,41,서울 노원구 54로 90
3b145061-71a7-41bc-b22c-6ecda1e26868,채소민,female,1984-05-09,39,서울 노원구 99길 50
2be838d6-66ed-4df2-98dd-6e879d456889,강은별,female,2005-02-01,18,서울 강남구 2로 82
ba69f139-abc4-40f0-9648-8888bfcd53e1,최지영,female,2000-02-12,23,서울 구로구 9길 9
b0d31143-e6b1-4235-81f7-b55774f3d2cb,채지영,female,1998-02-18,25,서울 용산구 84로 58
d468df62-c0a7-4866-8c66-a378e040af14,김주연,female,2002-03-04,21,서울 영등포구 27길 75
8be43d57-5989-4fa5-b900-70ef90aa8f25,김주연,female,1989-12-13,33,서울 도봉구 22길 15
a862eebf-2972-403d-838a-6b0061b795e5,이재석,female,2007-02-11,16,서울 용산구 43로 75
ddeabc93-9230-43e7-bdcc-b52312e54a18,안지연,male,1999-09-19,23,서울 종로구 76로 16
8aff26ab-bf7f-428b-85f7-7d5ecc2f9d3d,유주연,female,1988-06-14,35,서울 구로구 67로 87
516122e0-b641-4961-a622-bf1879ea3e19,안소민,female,2001-04-10,22,서울 성동구 20길 65
2060885c-78db-45e0-850e-167b20280afd,장은별,female,1988-08-04,34,서울 용산구 50로 64
eb4b682a-9f24-42fb-a03c-a61b923acd44,채윤아,female,1981-05-29,42,서울 성동구 25길 25
7a2ae3b1-8032-417c-9f47-9ac143f0e0bf,최은별,female,2010-06-26,13,서울 강남구 25길 88
2e7c1d0a-4561-4a2b-abb4-4692ffdcb1cb,윤소민,female,1981-01-27,42,서울 관악구 10길 78
4c00d061-9aa0-4480-9695-40be0b8a37b3,박재석,male,1988-03-05,35,서울 서초구 87로 77
f3594207-52ee-4d8c-8149-060ded91d4ab,유주연,male,1982-01-18,41,서울 강서구 65길 79
4389bf60-d29b-470a-8d35-78aab8c76958,김은별,female,1994-03-29,29,서울 관악구 44길 17
836c60fd-58ee-4242-8132-b9968c83f425,윤지영,male,1989-12-09,33,서울 은평구 53길 27
481c8c37-48a7-45cc-9f0e-63ff314719cd,장유진,female,1990-05-16,33,서울 송파구 43길 32
1e28eb06-b42d-4065-a536-71f329e27af4,최윤아,female,2008-02-20,15,서울 종로구 7길 18
da93ce6c-bd27-4835-92f5-4c34bc6a63a6,장은별,male,1985-03-20,38,서울 성동구 71길 71
29a17546-9c73-4599-aeb2-05e4ff215983,강유진,female,2001-11-01,21,서울 성동구 91길 37
5300ae9e-8b34-41dd-bb0e-bfb5d16c68c8,이다현,male,1995-09-15,27,서울 영등포구 68로 13
d498c9e8-7b3b-49e1-83b4-73d618bfc49d,안유진,female,2000-12-03,22,서울 동대문구 54길 6
746f2ae8-1ce6-4be2-a1ba-507187951eb6,유연아,male,2000-09-10,22,서울 강서구 29로 18
7543c8d7-5ad9-4e10-94af-b6774d19aa41,채소진,female,1999-12-03,23,서울 서초구 81길 50
78868e5c-6a3b-46a9-a5c8-dfed32692699,장다현,female,1989-01-03,34,서울 성북구 30길 59
fe4583ed-638d-4319-ab87-a4647915784f,이연아,female,2009-12-31,13,서울 관악구 85길 5
2b16f1a2-d510-4b69-a1a3-61d88a080a22,이유진,male,1983-07-08,40,서울 광진구 85길 86
0fb8907d-220b-44d6-856c-55b497d79279,박주연,female,1998-02-05,25,서울 관악구 96로 32
63494263-e4db-42a8-921d-d38414c390d8,안지영,female,1994-11-29,28,서울 광진구 29길 11
c89afbe5-f336-4b31-a302-1849ddb64c0c,박유진,female,1988-09-14,34,서울 관악구 10로 29
416c4214-caf1-4cf9-bde8-e9d1913820a7,장소민,female,2002-02-05,21,서울 금천구 94로 13
6f4dc2bf-f272-4f00-b31c-2b8822529371,최연아,female,1995-07-31,27,서울 금천구 15길 11
045b00ab-7cc2-41f3-a3c5-49721cfc63a2,유지연,female,1980-06-26,43,서울 송파구 92길 19
8e1e019d-f05e-4524-9d91-9f6ccb8bb60c,박소진,male,1980-09-22,42,서울 노원구 16로 42
094464b4-8c1b-476b-a458-309c1a39f181,강지연,male,1981-10-06,41,서울 중구 62로 23
d250544f-5922-4448-980a-16689726d739,유유진,male,2010-11-13,12,서울 동대문구 58길 65
755279a4-6de7-4725-b412-9ad56765ce8d,이은별,female,1999-10-01,23,서울 강남구 54길 27
5cf418a5-443f-4f2e-9c83-2131fedf4955,안소민,female,1987-05-31,36,서울 중구 78로 86
3e874a30-ea95-4b79-af8e-e598d152c421,윤소민,female,1989-04-20,34,서울 노원구 81로 37
3409f46f-a2d7-4157-b5a2-b663b8f4af43,박재석,female,1996-10-21,26,서울 도봉구 18로 95
e80c80d7-fab6-4784-9ff9-92d8f32cd7a9,유지연,female,1989-07-22,34,서울 중랑구 75길 34
e84f939c-0c1b-4c9d-b813-649b97e5c6e5,장윤아,male,1984-04-09,39,서울 종로구 23로 21
dc08268c-d4c7-4b7a-8588-ba94b2189943,안소진,male,2007-10-26,15,서울 중랑구 45로 22
356b5efd-d4b1-4998-8b8e-4b0fab397cdc,최유진,female,1994-02-25,29,서울 강서구 32길 51
4fbc091f-c1dc-4a89-878e-7ff9812ba361,강재석,male,2000-09-30,22,서울 서대문구 10길 55
d91336d0-03ba-4184-bdb4-a1a324a780ad,박은별,male,1981-12-28,41,서울 성북구 12로 25
b9fb2cbd-6a06-4174-87b2-b8d51e9b2dff,유지영,female,2003-04-17,20,서울 중구 38길 75
8a77b0cf-845e-48ad-899f-87d557ef86bf,강지연,female,2000-01-29,23,서울 강남구 16길 25
7509da32-aead-4d58-89ee-87433a735f13,윤소진,female,2002-06-28,21,서울 서초구 75길 97
20a381e0-3e22-46f5-b65b-54cde5c462bf,이다현,female,2003-01-23,20,서울 중구 9길 96
611c1477-ee35-4a45-b02b-fea5271853a1,유연아,male,2005-01-22,18,서울 관악구 10길 58
6fc42c4e-5983-4ba0-baab-1c9702ca88f0,채유진,male,1985-01-22,38,서울 강남구 25로 65
5870bd6b-e012-44e6-a828-c1782f39ff01,최재석,female,1994-04-13,29,서울 용산구 11로 59
42eb8df0-9d3d-4709-8a8d-186e9e9f7247,최윤아,male,1989-06-19,34,서울 동대문구 41로 29
82513af8-a3bb-41a3-a478-32629354ca12,장소진,male,1993-01-11,30,서울 종로구 18길 29
db887b3d-9d75-44c8-bab5-300e489f4bf3,장지영,male,2002-03-29,21,서울 송파구 94로 18
407469fb-9f2c-4bad-867e-a0c9b0f70b5a,이지연,female,2009-04-15,14,서울 성북구 50로 31
a0f424a7-f104-44ad-bc33-3b954b5939ad,강다현,male,2007-07-26,15,서울 중구 76로 64
89fe9d37-f91a-4d98-b35b-db4fb6ca81a0,최소민,female,1984-07-15,39,서울 중구 88로 34
0d9871d7-1851-4be2-ac5f-173867f0e3e0,안지영,female,1995-01-27,28,서울 성북구 98길 24
b62b31ba-6e15-4ffe-9900-1f6e2a6a2a43,윤은별,male,1985-06-18,38,서울 동대문구 30길 6
fa24499a-e9c7-4c98-84c2-d2ef97819bb5,윤재석,female,1988-01-16,35,서울 도봉구 36길 89
b1e688ec-9381-4693-a270-49cf0f28f91b,유소진,female,1997-12-06,25,서울 서초구 87길 73
24015023-6b74-4c85-802f-b97503da57f9,최재석,female,2004-12-14,18,서울 강서구 14길 53
16cc1721-5de3-4c10-b76c-1ece22c25479,안소민,female,2008-09-14,14,서울 용산구 40길 53
146a47e0-a17f-41d8-84bc-bd1894ad82b3,안다현,male,1997-07-07,26,서울 은평구 9로 3
30d0c158-be5f-405e-aa07-3a7789be8ce7,유주연,female,1993-03-19,30,서울 강북구 7로 39
b59782da-74de-44a5-afdd-96e52799de30,이지연,female,1991-06-30,32,서울 중랑구 80로 11
0e5655b3-7682-470f-a7dc-0e543f03c18f,박소민,male,1994-12-06,28,서울 강북구 99길 20
cb8a45a3-09b8-4773-bc5c-056af4ddfcd6,유연아,female,1983-12-22,39,서울 성동구 4길 16
2e9b2e77-f230-4bf6-855b-c7ab8e6bc36e,김지연,female,1989-02-11,34,서울 강북구 26로 79
ce65dc24-3be1-441e-a5ca-ae8a122a2c35,안유진,male,1981-06-22,42,서울 광진구 25길 41
a225d93d-3280-4ad1-9633-17ff9723445a,강지영,female,1993-12-17,29,서울 영등포구 60로 59
7021bb35-4ed3-48e8-8f4a-a04d7e4887f6,이소민,female,2001-03-24,22,서울 강북구 86길 28
b409d358-61b0-4e04-844f-e46b5ad34789,강유진,male,1995-03-03,28,서울 관악구 25길 31
7ccbeb2f-f31f-4679-abef-3219e8c37539,채다현,male,2009-05-29,14,서울 강남구 30로 72
c76731b2-3d5c-47b0-988a-29a9c9400bcf,채윤아,female,1990-08-07,32,서울 중랑구 22길 6
8a60e005-8cc1-4b96-9da4-ed9be54ae95f,강은별,female,1989-09-15,33,서울 강서구 2길 81
80fd045d-dd43-45fc-9245-4076300390b4,김윤아,male,1989-11-02,33,서울 중구 16로 95
33d9dcb2-4524-4c9d-9593-458bdba61ca2,유유진,male,2008-05-12,15,서울 서대문구 3로 35
67d6855c-a653-4463-b66d-61a4d034789d,김유진,female,1989-06-21,34,서울 구로구 66로 53
beaea3c9-e445-45c7-aa94-cdc52d450519,안지연,male,1999-11-06,23,서울 노원구 17로 7
3e5db0e7-ac79-46d5-a87f-37e590d0908e,최지연,female,2000-10-27,22,서울 강남구 85길 77
822d4e85-f54f-45e6-9b16-d79b2b5cc7f0,최연아,female,2007-08-28,15,서울 노원구 90로 7
3b3b751c-f018-47d7-af3c-de6d3d377072,장윤아,female,1997-09-15,25,서울 동대문구 91로 75
9e26199b-48c0-4830-a37d-ab003f4181b8,김소민,female,2009-08-18,13,서울 노원구 8로 7
b48a7d12-1e7e-4665-ba98-65a5feaa56bd,유재석,female,1982-11-10,40,서울 서대문구 39로 86
77c4f3bc-cd0f-40b7-a113-0ea68efd463c,이은별,male,1989-01-13,34,서울 강남구 11길 84
41498199-707c-44c2-9a91-9fca33bd8424,박소민,male,1995-02-07,28,서울 성북구 33로 36
63e93c22-14b3-4330-a1d0-e6bd47d39755,윤다현,male,1999-06-07,24,서울 노원구 24로 54
6758b3da-2459-49b3-a997-b3f37838c795,김재석,male,2009-11-14,13,서울 중구 16길 19
a4d48a87-9b9d-46f7-a391-c7e138994955,장다현,male,1990-07-01,33,서울 서대문구 15길 87
896f7314-f5bd-4b84-88b7-1eb0637e8c25,안지연,female,1986-02-02,37,서울 서대문구 83길 94
62067520-6bdd-49c8-8e41-064e25621ef3,채다현,female,2004-09-10,18,서울 광진구 56로 53
7a3ded02-fe74-4ba2-9b8a-9279f57ebc2c,채지영,female,2005-07-26,17,서울 성북구 46로 56
938e0826-c485-470c-a938-8cfd20c00f17,김소민,female,1981-12-05,41,서울 송파구 36로 22
548b7ac5-7637-400e-b140-a42126f68a6b,채유진,female,1981-08-08,41,서울 동대문구 12로 36
b0722fb4-3491-4d94-be4f-3fce276aebe6,안은별,female,1999-06-26,24,서울 도봉구 11로 78
72f4c6c9-abdd-43f1-824e-86bc31fb3887,이소민,male,1997-04-07,26,서울 중랑구 30로 12
3f8af648-12b4-4504-b052-703dc7748852,김재석,male,1988-11-18,34,서울 영등포구 92길 89
2f4b245c-2fcc-4e06-8180-4271ee457e63,강소민,male,2008-12-15,14,서울 서대문구 38로 96
6d618239-640c-4bd6-b470-a1af8343e829,강윤아,female,1998-02-14,25,서울 구로구 86로 49
5c1c2e8e-6726-4a39-989b-5ac6c4685fd1,채다현,male,1990-08-18,32,서울 금천구 5길 10
7eabf22e-9f9a-4333-b383-4dcaa1ceb325,이연아,female,2010-06-12,13,서울 관악구 3길 25
27fde32a-726a-49d4-a9e1-e14f3c37ebf2,장지연,female,1991-10-21,31,서울 광진구 60로 11
41050030-6dd3-4cc5-9277-eddee143044b,이지영,female,2009-02-07,14,서울 영등포구 36길 76
4128f116-efae-4383-82f8-c3b129b469f6,강윤아,female,1988-10-20,34,서울 성동구 41길 69
f16270ec-bd0f-4df6-9066-926e07e89d26,유연아,female,1996-03-02,27,서울 강북구 66로 78
baec3f27-6e7e-466b-b1e9-49c0926d65b7,장유진,female,1991-05-23,32,서울 서대문구 51로 58
dc0bc89f-2a00-4170-897f-0b4b317607cc,채소민,female,2007-05-24,16,서울 광진구 18길 77
0494ab73-ec9b-4ff6-9bfd-1263d88d93ba,윤주연,female,1980-04-08,43,서울 도봉구 48길 9
c8874f55-b685-4168-b545-b0ff3aa7fed9,윤지영,female,2005-08-22,17,서울 중구 56로 3
6e45f8bb-f2dd-4091-aed6-1f3322e72758,윤지연,male,1999-05-02,24,서울 중랑구 96로 98
29c31712-e790-4e5e-88d0-42fc248e76cf,박윤아,female,1985-10-06,37,서울 동대문구 68길 81
5a579b27-e98b-4478-b91c-293bb9538a97,김다현,female,2002-10-17,20,서울 송파구 73길 77
f8c5e882-1640-443d-ae18-4e74772505cf,최다현,male,1998-12-31,24,서울 노원구 30길 1
f794ceda-3f92-4f12-b138-467b1c25f0dd,이소진,male,2000-03-03,23,서울 용산구 91로 47
2bbf52cb-7fdf-4456-8ec2-d8feadf284b6,윤연아,male,1995-12-22,27,서울 중랑구 8길 87
816ed2c2-eef2-4c31-83e9-5fbe26172d4c,윤주연,male,1981-04-18,42,서울 서초구 73길 33
dcd4d44f-e30d-4091-aaff-f38bc66df787,채지영,female,1990-12-26,32,서울 용산구 74로 78
65aa9a2e-ab65-4282-ad47-be47f4650055,이지영,male,2008-11-24,14,서울 서초구 74길 22
2dba7286-a444-47e2-be34-ad618327fdbf,강지영,male,2007-07-19,16,서울 강서구 78길 8
7b7af3b3-0de9-4a55-9dfb-d80ad2f93231,장주연,male,1995-05-24,28,서울 관악구 84로 90
fb30cc05-8473-48a6-a293-572a410438c9,채재석,male,1984-09-11,38,서울 동대문구 46길 25
64bc6523-fdc7-4273-a6b1-e4c2cc1d955f,김지연,male,2001-08-12,21,서울 강서구 91길 70
3967967a-4a43-4b97-bfc7-e0d42159d2c7,최소진,female,1995-05-27,28,서울 강서구 51길 30
5733ff11-3bfe-4ccf-9f82-6f5a179e2f86,김다현,male,2006-11-11,16,서울 강서구 93길 61
d3adae10-6625-4642-a791-16fe12250593,장유진,male,1991-03-14,32,서울 도봉구 84로 57
381c6652-44fb-460a-97ef-608ad58aab6f,채지영,female,1993-01-14,30,서울 서대문구 16길 84
60b131d8-f2be-499b-9e36-005083b82e88,강소진,male,1999-09-02,23,서울 동대문구 87길 69
f706511e-254f-42f4-8dc8-7194479e4c36,강유진,male,1998-11-20,24,서울 관악구 37로 79
5c85a2eb-6c52-484d-9f01-8456fd758e49,박연아,female,1989-11-28,33,서울 용산구 39로 64
4a0a915a-66ac-4ff6-9b98-6002fdfcd159,채연아,female,2008-12-16,14,서울 은평구 92길 9
e4f7b6e7-0c26-40c7-8205-2189235a59f7,박소진,female,2004-04-29,19,서울 강북구 25로 6
61c3940f-8173-4d2e-a96e-978a81986990,유은별,female,2007-03-27,16,서울 강북구 67길 10
369194c4-1a3e-49b7-a8c6-aba220c4f44d,채주연,male,1984-12-02,38,서울 중구 44로 57
663890b0-ebf0-4070-8ade-bcdf0b690608,채소민,female,1997-02-20,26,서울 광진구 5길 49
aae2064c-0ab0-40cf-bf0e-0ffa3be0c54c,장재석,female,2008-12-17,14,서울 서대문구 4길 25
80c87861-40f4-4979-b81a-2e5abcbba0ea,윤지연,female,1985-10-19,37,서울 종로구 97길 55
0c3cbff7-5ac8-4e72-9a71-fb03d4d09bd7,채다현,male,2009-01-15,14,서울 서대문구 62로 77
e785943a-684c-45c6-9e29-c3c17fcfde0d,최소민,female,2009-03-02,14,서울 광진구 90길 91
b2e82160-5dc8-4a79-99e2-4af84356dc9f,이은별,female,1994-04-01,29,서울 영등포구 96길 39
627aa408-b712-408f-9e7d-4c7d33325903,김연아,male,1987-12-10,35,서울 종로구 9로 41
056c4fc9-e692-455e-be3e-97dee86b58a2,박연아,male,2002-12-18,20,서울 용산구 55길 99
f1dc5a4f-c946-45b9-b5a3-57ad10a83134,김주연,female,1982-08-02,40,서울 종로구 50로 39
b272c62b-4c38-412a-964a-5aab48f6b637,강은별,female,1980-04-06,43,서울 구로구 8로 58
2a7f76e6-0fbf-499e-a664-6e2d7982267c,유연아,female,2006-11-16,16,서울 관악구 96로 55
060f637d-d735-4edb-8e04-261e9026c373,김소민,female,2002-08-08,20,서울 성동구 91길 77
cbce2342-b81f-4275-9ae3-6c51a4e76557,안지영,female,1985-04-17,38,서울 광진구 79로 58
c4667e61-0242-4fdc-8223-d5bf7adad6a3,채지연,female,1984-11-15,38,서울 영등포구 33로 83
494bd655-d9ce-4440-bb48-50b171cdc92c,채다현,female,2000-12-19,22,서울 서대문구 71로 18
dbd087f7-b325-4329-b415-9c46d100ba44,김윤아,female,2006-12-05,16,서울 서대문구 30길 45
af25d162-8d29-4664-91e4-3f5881fc2c27,장유진,male,1990-06-05,33,서울 관악구 56길 14
b449cd50-8d72-4d09-8532-753c64973605,윤소진,female,2009-09-12,13,서울 노원구 64로 88
7462e012-b114-4272-b365-969fb756bafa,장다현,female,2010-07-16,13,서울 강서구 98로 18
2c203e50-ff0c-476f-83be-6ad5e7bfb86d,채유진,male,1998-01-14,25,서울 송파구 93길 64
0062ad65-8f96-4d68-bade-4f6265355487,안연아,female,1987-03-26,36,서울 강남구 7길 63
9604fa1d-3457-42c5-b4d2-bbbdbaf1ba03,채지연,female,1995-11-17,27,서울 성북구 59길 28
533d5cc9-124d-4bf2-aa38-48f06a79496c,김지연,female,2001-08-17,21,서울 관악구 81길 32
66897eb7-190c-4750-9289-452d44338e4a,김다현,male,1996-11-11,26,서울 서초구 62로 99
cbdcd578-cd51-4b53-a607-04c4aaa0d582,유유진,male,2007-09-28,15,서울 중구 12로 56
706ef0a6-6372-4018-84ff-98267708b2c9,안유진,female,2009-11-10,13,서울 관악구 87길 60
007a08cf-1cdd-4dfb-bd1f-945a6e1179dc,유지연,male,1995-05-31,28,서울 강남구 50길 95
561311f4-a7e4-4f42-b064-75e8a97353b8,강연아,female,2006-08-26,16,서울 강서구 95길 29
73534359-1432-49c5-a0ef-93f2d701ecc3,장다현,female,2005-07-12,18,서울 종로구 35길 75
